CHAANZ_source,DIAGNOSIS_R,IPCCC_CODE_R,CHAANZELIGIBILITY,GENE_FLAG,RULE,RULE_TYPE,ASSOCIATED_GENES,sts_code,sts_name,icd10_code,mild,moderate,severe
Drt_sl_24aug2021,"Normal heart,",01.01.00,0,0,,,,7000,Normal heart,,FALSE,FALSE,FALSE
Drt_sl_24aug2021,"Tetralogy of Fallot,",01.01.01,1,0,,,,290,TOF,Q21.3,FALSE,TRUE,FALSE
Drt_sl_24aug2021,"Anomaly of atrioventricular and-or ventriculo-arterial connection(s), Transposition of great arteries (TGA) (concordant atrioventricular & discordant ventriculo-arterial connections) & intact ventricular septum,",01.01.02,1,0,,,,880,"TGA, IVS",Q20.3,FALSE,FALSE,TRUE
Drt_sl_24aug2021,"Anomaly of atrioventricular and-or ventriculo-arterial connection(s), Congenitally corrected transposition of great arteries (discordant atrioventricular & ventriculo-arterial connections),",01.01.03,1,0,,,,,,Q20.5,FALSE,FALSE,TRUE
Drt_sl_24aug2021,"Anomaly of atrioventricular and-or ventriculo-arterial connection(s), Double outlet right ventricle,",01.01.04,1,0,,,,,,Q20.1,FALSE,FALSE,TRUE
Drt_sl_24aug2021,"Pulmonary atresia + ventricular septal defect (VSD) (including Fallot type),",01.01.06,1,0,,,,340,"Pulmonary atresia, VSD (Including TOF, PA)",Q21.3,FALSE,FALSE,TRUE
Drt_sl_24aug2021,"Pulmonary atresia, Pulmonary atresia + intact ventricular septum,",01.01.07,1,0,,,,330,"Pulmonary atresia, IVS",Q22.0,FALSE,FALSE,TRUE
Drt_sl_24aug2021,"Hypoplastic left heart syndrome,",01.01.09,1,0,,,,730,Hypoplastic left heart syndrome (HLHS),Q23.4,FALSE,FALSE,TRUE
Drt_sl_24aug2021,"Anomaly of atrioventricular and-or ventriculo-arterial connection(s), Double inlet atrioventricular connection (double inlet ventricle),",01.01.14,1,0,,,,,,Q20.4,FALSE,FALSE,TRUE
Drt_sl_24aug2021,"Pulmonary vein abnormality, Partially anomalous pulmonary venous connection(s), Partially anomalous pulmonary venous connection of Scimitar type,",01.01.16,1,0,,,,190,"Partial anomalous pulmonary venous connection (PAPVC), scimitar",Q26.8,FALSE,TRUE,FALSE
Drt_sl_24aug2021,"Anomaly of atrioventricular and-or ventriculo-arterial connection(s), Double outlet right ventricle: Fallot type (subaortic or doubly committed ventricular septal defect & pulmonary stenosis),",01.01.17,1,0,,,,,,Q20.1,FALSE,FALSE,TRUE
Drt_sl_24aug2021,"Anomaly of atrioventricular and-or ventriculo-arterial connection(s), Double outlet right ventricle: transposition type (subpulmonary ventricular septal defect),",01.01.18,1,0,,,,,,Q20.1,FALSE,FALSE,TRUE
Drt_sl_24aug2021,"Anomaly of atrioventricular and-or ventriculo-arterial connection(s), Double outlet right ventricle: with non-committed ventricular septal defect,",01.01.19,1,0,,,,,,Q20.1,FALSE,FALSE,TRUE
Drt_sl_24aug2021,"Atrioventricular septal defect and Tetralogy of Fallot,",01.01.20,1,0,,,,300,"TOF, AVC (AVSD)",Q21.2,FALSE,TRUE,FALSE
Drt_sl_24aug2021,"Functionally univentricular heart,",01.01.22,1,0,,,,,,Q20.9,FALSE,FALSE,TRUE
Drt_sl_24aug2021,"Anomaly of atrioventricular and-or ventriculo-arterial connection(s), Double outlet right ventricle: with intact ventricular septum,",01.01.24,1,0,,,,,,Q20.1,FALSE,FALSE,TRUE
Drt_sl_24aug2021,"Pulmonary atresia + ventricular septal defect (VSD) + systemic-to-pulmonary collateral artery(ies) (MAPCA(s)),",01.01.25,1,0,,,,350,"Pulmonary atresia, VSD-MAPCA",Q21.3,FALSE,FALSE,TRUE
Drt_sl_24aug2021,"Left heart obstruction at multiple sites (including Shone syndrome),",01.01.33,1,0,,,,2080,Shone’s syndrome,Q20.9,FALSE,TRUE,FALSE
Drt_sl_24aug2021,"Cardiac abnormality,",01.01.39,0,0,,,,,,Q24.8,FALSE,FALSE,FALSE
Drt_sl_24aug2021,"Anomaly of atrioventricular and-or ventriculo-arterial connection(s), Double outlet right ventricle: subaortic or doubly committed ventricular septal defect without pulmonary stenosis ('VSD type'),",01.01.40,1,0,,,,,,Q20.1,FALSE,FALSE,TRUE
JULY2023_DRT2_update,"Vascular abnormality,",01.01.60,0,0,,,,,,I99,FALSE,FALSE,FALSE
Drt_sl_24aug2021,"Aneurysm,",01.01.61,0,0,,,,1280,"Aneurysm, Other",I72.9,FALSE,FALSE,FALSE
Drt_sl_24aug2021,"Normal atrial arrangement (situs), atrioventricular & ventriculo-arterial connections, Usual atrial arrangement (atrial situs solitus),",01.03.00,0,0,,,,,,,FALSE,FALSE,FALSE
Drt_sl_24aug2021,"Abnormal atrial arrangement,",01.03.06,1,0,,,,1560,"Cardiac, Other",Q20.9,FALSE,FALSE,FALSE
Drt_sl_24aug2021,"Anomaly of atrioventricular and-or ventriculo-arterial connection(s),",01.03.09,1,0,,,,1560,"Cardiac, Other",Q20.9,FALSE,FALSE,TRUE
Drt_sl_24aug2021,"Normal atrial arrangement (situs), atrioventricular & ventriculo-arterial connections,",01.03.10,0,0,,,,,,,FALSE,FALSE,FALSE
Drt_sl_24aug2021,"Anomaly of atrioventricular and-or ventriculo-arterial connection(s), Double inlet atrioventricular connection (double inlet ventricle), Double inlet right ventricle,",01.04.03,1,0,,,,,,Q20.4,FALSE,FALSE,TRUE
Drt_sl_24aug2021,"Anomaly of atrioventricular and-or ventriculo-arterial connection(s), Double inlet atrioventricular connection (double inlet ventricle), Double inlet left ventricle,",01.04.04,1,0,,,,,,Q20.4,FALSE,FALSE,TRUE
Drt_sl_24aug2021,"Concordant ventriculo-arterial connections,",01.05.00,0,0,,,,,,,FALSE,FALSE,FALSE
Drt_sl_24aug2021,"Anomaly of atrioventricular and-or ventriculo-arterial connection(s), Transposition of great arteries (discordant ventriculo-arterial connections) (TGA),",01.05.01,1,0,,,,,,Q20.3,FALSE,FALSE,TRUE
Drt_sl_24aug2021,"Anomaly of atrioventricular and-or ventriculo-arterial connection(s), Double outlet left ventricle,",01.05.03,1,0,,,,,,Q20.2,FALSE,FALSE,TRUE
Drt_sl_24aug2021,"Anomaly of atrioventricular and-or ventriculo-arterial connection(s), Concordant VA connections with parallel great arteries (anatomically corrected malposition),",01.05.10,1,0,,,,,,Q20.8,FALSE,FALSE,FALSE
CELERMAJER2021,"Anomalous position-orientation of heart, Dextrocardia: heart predominantly in right hemithorax,",02.01.02,0,0,,,,2090,Dextrocardia,Q24.0,TRUE,FALSE,FALSE
CELERMAJER2021,"Laevocardia: heart predominantly in left hemithorax,",02.01.03,0,0,,,,2100,Levocardia,,FALSE,FALSE,FALSE
JULY2023_DRT2_update,"Anomalous position-orientation of heart, Midline heart (mesocardia),",02.01.04,0,0,,,,2110,Mesocardia,Q24.8,FALSE,FALSE,FALSE
Drt_sl_24aug2021,"Anomalous position-orientation of heart,",02.01.09,0,0,,,,1560,"Cardiac, Other",Q24.8,FALSE,FALSE,FALSE
Drt_sl_24aug2021,"Anomaly of atrioventricular and-or ventriculo-arterial connection(s), Solitary ventricle of indeterminate morphology,",02.03.05,1,0,,,,,,Q20.4,FALSE,FALSE,TRUE
Drt_sl_24aug2021,"Anomaly of atrioventricular and-or ventriculo-arterial connection(s), Abnormal position or relationship of great vessels,",02.07.04,1,0,,,,,,Q25.9,FALSE,FALSE,TRUE
CELERMAJER2021,"Visceral heterotaxy (abnormal arrangement thoraco-abdominal organs),",03.01.02,0,0,,,,,,Q20.6,FALSE,FALSE,FALSE
JULY2023_DRT2_update,"Abnormal atrial arrangement, Total mirror imagery (situs inversus),",03.01.03,0,0,,,,,,Q89.3,FALSE,FALSE,FALSE
Drt_sl_24aug2021,"Abnormal atrial arrangement, Right isomerism ('asplenia'),",03.01.04,1,0,,,,,,Q20.6,FALSE,FALSE,TRUE
Drt_sl_24aug2021,"Abnormal atrial arrangement, Left isomerism ('polysplenia'),",03.01.05,1,0,,,,,,Q20.6,FALSE,FALSE,TRUE
Drt_sl_24aug2021,"Position or morphology of thoraco-abdominal organs abnormal,",03.01.09,0,0,,,,,,Q89.9,FALSE,FALSE,FALSE
Drt_sl_24aug2021,"Position or morphology of thoraco-abdominal organs abnormal, Lung anomaly,",03.02.09,0,0,,,,,,Q33.8,FALSE,FALSE,FALSE
Drt_sl_24aug2021,"Position or morphology of thoraco-abdominal organs abnormal, Functionally congenital single lung,",03.02.14,0,0,,,,,,Q33.2,FALSE,FALSE,FALSE
Drt_sl_24aug2021,"Position or morphology of thoraco-abdominal organs abnormal, Tracheobronchial anomaly,",03.03.05,0,0,,,,,,Q32.4,FALSE,FALSE,FALSE
Drt_sl_24aug2021,"Intestines malrotated,",03.06.03,0,0,,,,7777,"Miscellaneous, Other",Q43.3,FALSE,FALSE,FALSE
Drt_sl_24aug2021,"Noncardiac abnormality potentially with associated heart disease, Spleen absent (asplenia),",03.07.03,0,0,,,,7777,"Miscellaneous, Other",Q20.6,FALSE,FALSE,FALSE
Drt_sl_24aug2021,"Noncardiac abnormality potentially with associated heart disease, Multiple spleens (polysplenia),",03.07.04,0,0,,,,7777,"Miscellaneous, Other",Q20.6,FALSE,FALSE,FALSE
Drt_sl_24aug2021,"Systemic venovenous collateral(s),",04.00.06,0,0,,,,270,Systemic venous anomaly,Q26.8,FALSE,FALSE,FALSE
CELERMAJER2021,"Superior caval vein (SVC) abnormality,",04.01.00,0,0,,,,270,Systemic venous anomaly,Q26.9,FALSE,FALSE,FALSE
Drt_sl_24aug2021,"Superior caval vein (SVC) abnormality, Left superior caval vein (SVC) persisting to coronary sinus,",04.01.01,1,0,,,,,,Q26.1,FALSE,FALSE,FALSE
Drt_sl_24aug2021,"Hepatic vein abnormality,",04.02.00,0,0,,,,,,Q26.8,FALSE,FALSE,FALSE
CELERMAJER2021,"Inferior caval vein (IVC) abnormality,",04.03.00,0,0,,,,270,Systemic venous anomaly,Q26.9,FALSE,FALSE,FALSE
Drt_sl_24aug2021,"Inferior caval vein (IVC) abnormality, Interrupted inferior caval vein (IVC) with absent suprarenal segment and azygos continuation,",04.03.10,1,0,,,,270,Systemic venous anomaly,Q26.8,FALSE,FALSE,FALSE
JULY2023_DRT2_update,"Coronary sinus abnormality,",04.04.00,0,0,,,,,,Q24.5,FALSE,FALSE,FALSE
Drt_sl_24aug2021,"Congenital anomaly of systemic vein(s),",04.05.00,0,0,,,,270,Systemic venous anomaly,Q26.9,FALSE,FALSE,FALSE
Drt_sl_24aug2021,"Pulmonary vein abnormality, Totally anomalous pulmonary venous connection, Totally anomalous pulmonary venous connections: supracardiac,",04.06.00,1,0,,,,200,"Total anomalous pulmonary venous connection (TAPVC), Type 1 (supracardiac)",Q26.2,FALSE,TRUE,FALSE
Drt_sl_24aug2021,"Pulmonary vein abnormality, Partially anomalous pulmonary venous connection(s),",04.07.01,1,0,,,,180,Partial anomalous pulmonary venous connection (PAPVC),Q26.3,FALSE,TRUE,FALSE
JULY2023_DRT2_update,"Pulmonary vein abnormality,",04.08.00,0,0,,,,1560,"Cardiac, Other",Q26.9,FALSE,FALSE,FALSE
Drt_sl_24aug2021,"Pulmonary vein abnormality, Totally anomalous pulmonary venous connection,",04.08.05,1,0,,,,,,Q26.2,FALSE,TRUE,FALSE
Drt_sl_24aug2021,"Pulmonary vein abnormality, Obstructed pulmonary venous pathway or connection,",04.08.06,1,0,,,,1560,"Cardiac, Other",Q26.4,FALSE,FALSE,FALSE
Drt_sl_24aug2021,"Pulmonary vein abnormality, Totally anomalous pulmonary venous connection, Totally anomalous pulmonary venous connections: intracardiac,",04.08.10,1,0,,,,210,"Total anomalous pulmonary venous connection (TAPVC), Type 2 (cardiac)",Q26.2,FALSE,TRUE,FALSE
Drt_sl_24aug2021,"Pulmonary vein abnormality, Totally anomalous pulmonary venous connection, Totally anomalous pulmonary venous connections: infracardiac,",04.08.20,1,0,,,,220,"Total anomalous pulmonary venous connection (TAPVC), Type 3 (infracardiac)",Q26.2,FALSE,TRUE,FALSE
Drt_sl_24aug2021,"Pulmonary vein abnormality, Totally anomalous pulmonary venous connection, Totally anomalous pulmonary venous connections: mixed,",04.08.30,1,0,,,,230,"Total anomalous pulmonary venous connection (TAPVC), Type 4 (mixed)",Q26.2,FALSE,TRUE,FALSE
Drt_sl_24aug2021,"Pulmonary vein abnormality, Pulmonary vein stenosis,",04.08.91,1,0,,,,260,Pulmonary venous stenosis,Q26.8,FALSE,FALSE,FALSE
JULY2023_DRT2_update,"Right atrial abnormality,",05.01.00,0,0,,,,1560,"Cardiac, Other",Q20.8,FALSE,FALSE,FALSE
JULY2023_DRT2_update,"Left atrial abnormality,",05.02.00,0,0,,,,1560,"Cardiac, Other",Q20.8,FALSE,FALSE,FALSE
Drt_sl_24aug2021,"Left atrial abnormality, Cor triatriatum (divided left atrium),",05.02.01,1,0,,,,250,Cor triatriatum,Q24.2,FALSE,FALSE,FALSE
Drt_sl_24aug2021,"Mitral valvar abnormality, Supravalvar or intravalvar mitral ring,",05.02.02,1,0,,,,650,"Mitral stenosis, Supravalvar mitral ring",Q20.8,FALSE,TRUE,FALSE
Drt_sl_24aug2021,"Atrial septum abnormality,",05.03.00,1,0,,,,1560,"Cardiac, Other",Q21.9,TRUE,TRUE,TRUE
JULY2023_DRT2_update,"Atrial septum abnormality, Patent foramen ovale (PFO),",05.03.01,1,0,1,PFO,,10,PFO,Q21.1,TRUE,FALSE,FALSE
JULY2023_DRT2_update,"Intact atrial septum (no interatrial communication),",05.03.10,0,0,,,,1560,"Cardiac, Other",,FALSE,FALSE,FALSE
JULY2023_DRT2_update,"Atrial septum abnormality, Interatrial communication ('ASD'),",05.04.01,1,0,,,,,,Q21.1,TRUE,TRUE,TRUE
JULY2023_DRT2_update,"Atrial septum abnormality, Atrial septal defect (ASD) within oval fossa (secundum),",05.04.02,1,0,,,,20,"ASD, Secundum",Q21.1,TRUE,TRUE,TRUE
Drt_sl_24aug2021,"Atrial septum abnormality, Spontaneous closure of atrial septal defect (ASD) within oval fossa (secundum),",05.04.03,1,0,,,,,,,FALSE,FALSE,FALSE
Drt_sl_24aug2021,"Atrial septum abnormality, Sinus venosus defect (ASD),",05.05.00,1,0,,,,30,"ASD, Sinus venosus",Q21.1,FALSE,TRUE,FALSE
Drt_sl_24aug2021,"Atrial septum abnormality, Interatrial communication (ASD) through coronary sinus orifice,",05.05.03,1,0,,,,40,"ASD, Coronary sinus",Q21.1,FALSE,TRUE,FALSE
Drt_sl_24aug2021,"Atrial septum abnormality, Common atrium (virtual absence of atrial septum),",05.06.01,1,0,,,,50,"ASD, Common atrium (single atrium)",Q21.2,FALSE,TRUE,FALSE
JULY2023_DRT2_update,"Tricuspid valvar abnormality,",06.01.00,1,0,1,VALVE,,,,Q22.9,TRUE,TRUE,TRUE
Drt_sl_24aug2021,"Anomaly of atrioventricular and-or ventriculo-arterial connection(s), Tricuspid atresia,",06.01.01,1,0,,,,,,Q22.4,FALSE,FALSE,TRUE
Drt_sl_24aug2021,"Tricuspid valvar abnormality, Tricuspid valvar dysplasia,",06.01.03,1,0,,,,410,"Tricuspid valve, Other",Q22.8,FALSE,FALSE,FALSE
Drt_sl_24aug2021,"Tricuspid valvar abnormality, Straddling tricuspid valve,",06.01.09,1,0,,,,410,"Tricuspid valve, Other",Q22.8,FALSE,FALSE,FALSE
JULY2023_DRT2_update,"Tricuspid valvar abnormality, Tricuspid regurgitation, Congenital tricuspid regurgitation,",06.01.25,1,0,1,VALVE,,380,"Tricuspid regurgitation, non-Ebstein's related",Q22.8,FALSE,FALSE,FALSE
Drt_sl_24aug2021,"Tricuspid valvar abnormality, Ebstein malformation of tricuspid valve,",06.01.34,1,0,,,,,,Q22.5,FALSE,TRUE,FALSE
JULY2023_DRT2_update,"Tricuspid valvar abnormality, Tricuspid regurgitation,",06.01.91,1,0,1,VALVE,,380,"Tricuspid regurgitation, non-Ebstein's related",Q22.8,FALSE,FALSE,FALSE
JULY2023_DRT2_update,"Tricuspid valvar abnormality, Tricuspid stenosis,",06.01.92,1,0,1,VALVE,,390,Tricuspid stenosis,Q22.4,FALSE,FALSE,FALSE
JULY2023_DRT2_update,"Mitral valvar abnormality,",06.02.00,1,0,1,VALVE,,,,Q23.9,TRUE,TRUE,FALSE
Drt_sl_24aug2021,"Anomaly of atrioventricular and-or ventriculo-arterial connection(s), Mitral atresia,",06.02.01,1,0,,,,,,Q23.2,FALSE,FALSE,TRUE
Drt_sl_24aug2021,"Mitral valvar abnormality, Mitral valve stenosis, Congenital mitral valvar stenosis,",06.02.07,1,0,,,,660,"Mitral stenosis, Valvar",Q23.2,TRUE,FALSE,FALSE
Drt_sl_24aug2021,"Mitral valvar abnormality, Straddling mitral valve,",06.02.09,1,0,,,,,,Q23.8,FALSE,TRUE,FALSE
Drt_sl_24aug2021,"Mitral subvalvar apparatus abnormality,",06.02.12,0,0,,,,720,"Mitral valve, Other",Q23.8,TRUE,FALSE,FALSE
Drt_sl_24aug2021,"Mitral subvalvar apparatus abnormality, Mitral subvalvar stenosis,",06.02.13,0,0,,,,,,Q23.8,TRUE,FALSE,FALSE
JULY2023_DRT2_update,"Mitral valvar abnormality, Mitral regurgitation, Congenital mitral regurgitation,",06.02.25,1,0,1,VALVE,,710,Mitral regurgitation,Q23.3,TRUE,FALSE,FALSE
Drt_sl_24aug2021,"Mitral valvar abnormality, Mitral valvar prolapse,",06.02.35,1,0,,,,720,"Mitral valve, Other",I34.1,TRUE,FALSE,FALSE
Drt_sl_24aug2021,"Mitral valvar abnormality, True cleft of mitral leaflet (without atrioventricular septal defect),",06.02.36,1,0,,,,720,"Mitral valve, Other",Q23.8,FALSE,TRUE,FALSE
Drt_sl_24aug2021,"Mitral subvalvar apparatus abnormality, Parachute malformation of mitral valve,",06.02.56,1,0,,,,720,"Mitral valve, Other",Q23.8,FALSE,TRUE,FALSE
JULY2023_DRT2_update,"Mitral valvar abnormality, Mitral regurgitation,",06.02.91,1,0,1,VALVE,,710,Mitral regurgitation,Q23.3,TRUE,FALSE,FALSE
Drt_sl_24aug2021,"Mitral stenosis,",06.02.92,0,0,,,,695,Mitral stenosis,Q23.2,TRUE,TRUE,FALSE
CELERMAJER2021,"Mitral valvar abnormality, Mitral valve stenosis,",06.02.93,0,0,,,,,,Q23.2,TRUE,FALSE,FALSE
Drt_sl_24aug2021,"Atypical atrioventricular valve in atrioventricular septal defect (AVSD),",06.05.01,1,0,,,,,,Q24.8,FALSE,TRUE,FALSE
Drt_sl_24aug2021,"Atypical atrioventricular valve in atrioventricular septal defect (AVSD), Atrioventricular septal defect (AVSD) atrioventricular valvar regurgitation,",06.05.06,1,0,,,,,,Q24.8,FALSE,TRUE,FALSE
Drt_sl_24aug2021,"Atypical atrioventricular valve in atrioventricular septal defect (AVSD), Deficient mural-lateral leaflet of left ventricular component of common atrioventricular valve (left atrioventricular valve),",06.05.98,1,0,,,,,,Q24.8,FALSE,TRUE,FALSE
Drt_sl_24aug2021,"Atrioventricular septal defect (AVSD),",06.06.00,1,0,,,,,,Q21.2,FALSE,TRUE,FALSE
Drt_sl_24aug2021,"Atrioventricular septal defect (AVSD), Partial atrioventricular septal defect (AVSD) with isolated atrial component (primum ASD),",06.06.01,1,0,,,,120,"AVC (AVSD), Partial (incomplete) (PAVSD) (ASD, primum)",Q21.2,FALSE,TRUE,FALSE
Drt_sl_24aug2021,"Atrioventricular septal defect (AVSD), Atrioventricular septal defect (AVSD) with isolated ventricular component,",06.06.08,1,0,,,,,,Q21.2,FALSE,TRUE,FALSE
Drt_sl_24aug2021,"Atrioventricular septal defect (AVSD), Complete atrioventricular septal defect (AVSD) with atrial and ventricular components,",06.06.09,1,0,,,,100,"AVC (AVSD), Complete (CAVSD)",Q21.2,FALSE,TRUE,FALSE
Drt_sl_24aug2021,"Atrioventricular septal defect (AVSD), Intermediate atrioventricular septal defect (AVSD) with atrial and ventricular components and separate atrioventricular valvar orifices,",06.06.10,1,0,,,,110,"AVC (AVSD), Intermediate (transitional)",Q21.2,FALSE,TRUE,FALSE
Drt_sl_24aug2021,"Atrioventricular septal defect (AVSD), Atrioventricular septal defect (AVSD) with ventricular imbalance,",06.07.26,1,0,,,,,,Q21.2,FALSE,TRUE,TRUE
Drt_sl_24aug2021,"Ventricular dyssynchrony,",07.00.01,0,0,,,,,,I50.1,FALSE,FALSE,FALSE
JULY2023_DRT2_update,"Right ventricular abnormality,",07.01.00,0,0,,,,1560,"Cardiac, Other",Q24.9,FALSE,FALSE,FALSE
JULY2023_DRT2_update,"Cardiomyopathy, Arrhythmogenic right ventricular cardiomyopathy,",07.01.10,1,1,,,,,,I42.8,FALSE,FALSE,FALSE
Drt_sl_24aug2021,"Right ventricular abnormality: acquired, Right ventricular dysfunction,",07.01.11,0,0,,,,1560,"Cardiac, Other",I51.8,FALSE,FALSE,FALSE
JULY2023_DRT2_update,"Right ventricular abnormality, Right ventricular aneurysm,",07.01.14,0,0,,,,,,Q24.8,FALSE,FALSE,FALSE
Drt_sl_24aug2021,"Right ventricular abnormality, Right ventricular hypoplasia,",07.02.00,1,0,,,,,,Q20.8,FALSE,FALSE,FALSE
Drt_sl_24aug2021,"Right ventricular abnormality, Double chambered right ventricle,",07.03.01,1,0,,,,500,DCRV,Q24.8,FALSE,TRUE,FALSE
Drt_sl_24aug2021,"Right ventricular outflow tract obstruction,",07.05.01,1,0,,,,,,Q24.8,FALSE,TRUE,FALSE
Drt_sl_24aug2021,"Pulmonary stenosis, Subpulmonary stenosis,",07.05.30,1,0,,,,490,"Pulmonary stenosis, Subvalvar",Q24.3,TRUE,TRUE,FALSE
JULY2023_DRT2_update,"Left ventricular abnormality,",07.06.00,0,0,,,,1560,"Cardiac, Other",Q24.9,FALSE,FALSE,FALSE
Drt_sl_24aug2021,"Left ventricular abnormality: acquired, Left ventricular dysfunction,",07.06.10,0,0,,,,1560,"Cardiac, Other",I51.8,FALSE,FALSE,FALSE
JULY2023_DRT2_update,"Left ventricular abnormality, Left ventricular aneurysm,",07.06.13,0,0,,,,,,Q24.8,FALSE,FALSE,FALSE
Drt_sl_24aug2021,"Left ventricular abnormality, Left ventricular hypoplasia,",07.07.00,1,0,,,,,,Q20.8,FALSE,FALSE,FALSE
Drt_sl_24aug2021,"Ventricular imbalance: dominant left ventricle + hypoplastic right ventricle,",07.08.41,1,0,,,,,,Q20.8,FALSE,FALSE,TRUE
Drt_sl_24aug2021,"Ventricular imbalance: dominant right ventricle + hypoplastic left ventricle,",07.08.42,1,0,,,,,,Q20.8,FALSE,FALSE,TRUE
Drt_sl_24aug2021,"Cardiomyopathy, Ventricular myocardial noncompaction cardiomyopathy,",07.08.50,0,0,,,,740,"Cardiomyopathy (including dilated, restrictive, and hypertrophic)",I42.8,FALSE,TRUE,FALSE
Drt_sl_24aug2021,"Aortic stenosis, Subaortic stenosis,",07.09.00,1,0,,,,,,Q24.4,FALSE,TRUE,FALSE
Drt_sl_24aug2021,"Left ventricular outflow tract obstruction,",07.09.01,1,0,,,,550,"Aortic stenosis, Subvalvar",Q24.8,FALSE,TRUE,FALSE
Drt_sl_24aug2021,"Aortic stenosis, Subaortic stenosis, Subaortic stenosis due to fibromuscular shelf,",07.09.03,1,0,,,,,,Q24.4,FALSE,TRUE,FALSE
Drt_sl_24aug2021,"Aortic abnormality,",07.09.31,0,0,,,,,,Q25.4,TRUE,TRUE,FALSE
Drt_sl_24aug2021,"Ventricular septal defect (VSD),",07.10.00,1,0,,,,,,Q21.0,TRUE,TRUE,TRUE
Drt_sl_24aug2021,"Ventricular septal defect (VSD), Perimembranous ventricular septal defect (VSD),",07.10.01,1,0,,,,73,"VSD, Type 2 (Perimembranous) (Paramembranous) (Conoventricular)",Q21.0,TRUE,TRUE,FALSE
Drt_sl_24aug2021,"Ventricular septal defect (VSD), Ventricular septal defect (VSD) with malaligned outlet septum,",07.10.12,1,0,,,,,,Q21.0,FALSE,TRUE,FALSE
Drt_sl_24aug2021,"Ventricular septal defect (VSD), Muscular ventricular septal defect (VSD),",07.11.01,1,0,,,,,,Q21.0,TRUE,TRUE,FALSE
Drt_sl_24aug2021,"Ventricular septal defect (VSD), Subarterial (outlet) ventricular septal defect (VSD),",07.12.00,1,0,,,,71,"VSD, Type 1 (Subarterial) (Supracristal) (Conal septal defect) (Infundibular)",Q21.0,TRUE,TRUE,FALSE
Drt_sl_24aug2021,"Ventricular septal defect (VSD), Subarterial (outlet) ventricular septal defect (VSD), Doubly committed subarterial ventricular septal defect (VSD),",07.12.01,1,0,,,,,,Q21.0,TRUE,TRUE,FALSE
Drt_sl_24aug2021,"Ventricular septal defect (VSD), Communication between left ventricle + right atrium (Gerbode defect),",07.14.02,1,0,,,,79,"VSD, Type: Gerbode type (LV-RA communication)",Q21.0,TRUE,TRUE,FALSE
Drt_sl_24aug2021,"Ventricular septal defect (VSD), Inlet ventricular septal defect (VSD),",07.14.05,1,0,,,,,,Q21.0,FALSE,TRUE,FALSE
Drt_sl_24aug2021,"Ventricular septal defect (VSD), Ventricular septal defect(s): haemodynamically insignificant,",07.15.01,1,0,,,,,,Q21.0,TRUE,FALSE,FALSE
Drt_sl_24aug2021,"Ventricular septal defect (VSD), Multiple ventricular septal defect (VSD)s,",07.15.04,1,0,,,,,,Q21.0,FALSE,TRUE,FALSE
Drt_sl_24aug2021,"Ventricular septal defect (VSD), Single ventricular septal defect (VSD),",07.15.05,1,0,,,,,,Q21.0,TRUE,FALSE,FALSE
Drt_sl_24aug2021,"Ventricular septal defect (VSD), Spontaneous closure of ventricular septal defect (VSD),",07.16.01,1,0,,,,,,Z87.7,TRUE,FALSE,FALSE
Drt_sl_24aug2021,"Ventricular septal abnormality,",07.20.00,1,0,,,,1560,"Cardiac, Other",Q21.9,FALSE,FALSE,FALSE
Drt_sl_24aug2021,"Ventricular septal abnormality, Aneurysm of membranous septum,",07.20.01,1,0,,,,1560,"Cardiac, Other",Q21.9,FALSE,FALSE,FALSE
Drt_sl_24aug2021,"Intact ventricular septum,",07.21.00,0,0,,,,1560,"Cardiac, Other",,FALSE,FALSE,FALSE
Drt_sl_24aug2021,"Anomaly of atrioventricular and-or ventriculo-arterial connection(s), Common arterial trunk (truncus arteriosus),",09.01.01,1,0,,,,,,Q20.0,FALSE,FALSE,TRUE
Drt_sl_24aug2021,"Truncal valvar abnormality,",09.02.00,1,0,,,,160,Truncus arteriosus,Q24.8,FALSE,FALSE,TRUE
Drt_sl_24aug2021,"Truncal valvar abnormality, Truncal valvar regurgitation,",09.02.03,1,0,,,,170,Truncal valve insufficiency,Q24.8,FALSE,FALSE,TRUE
Drt_sl_24aug2021,"Aortopulmonary window,",09.04.01,1,0,,,,140,AP window (aortopulmonary window),Q21.4,FALSE,TRUE,TRUE
JULY2023_DRT2_update,"Pulmonary valvar abnormality,",09.05.00,0,0,,,,,,Q22.3,TRUE,TRUE,TRUE
Drt_sl_24aug2021,"Pulmonary valvar abnormality, Pulmonary valvar stenosis,",09.05.01,1,0,,,,420,"Pulmonary stenosis, Valvar",Q22.1,FALSE,TRUE,FALSE
Drt_sl_24aug2021,"Pulmonary valvar abnormality, Pulmonary valvar stenosis, Congenital pulmonary valvar stenosis,",09.05.04,1,0,,,,420,"Pulmonary stenosis, Valvar",Q22.1,FALSE,TRUE,FALSE
Drt_sl_24aug2021,"Pulmonary atresia,",09.05.11,1,0,,,,320,Pulmonary atresia,Q22.0,FALSE,FALSE,TRUE
Drt_sl_24aug2021,"Pulmonary atresia, Pulmonary atresia: imperforate valve,",09.05.12,1,0,,,,340,"Pulmonary atresia, VSD (Including TOF, PA)",Q22.0,FALSE,FALSE,TRUE
Drt_sl_24aug2021,"Pulmonary valvar abnormality: acquired, Pulmonary valvar atresia: acquired,",09.05.15,0,0,,,,320,Pulmonary atresia,I37.8,FALSE,FALSE,FALSE
JULY2023_DRT2_update,"Pulmonary valvar abnormality, Pulmonary regurgitation, Congenital pulmonary regurgitation,",09.05.22,1,0,1,VALVE,,530,Pulmonary insufficiency,Q22.2,FALSE,FALSE,FALSE
Drt_sl_24aug2021,"Absent pulmonary valve syndrome: Fallot-type,",09.05.25,1,0,,,,310,"TOF, Absent pulmonary valve",Q24.8,FALSE,TRUE,FALSE
CELERMAJER2021,"Pulmonary valvar abnormality, Pulmonary regurgitation,",09.05.91,0,0,,,,530,Pulmonary insufficiency,Q22.2,FALSE,FALSE,FALSE
Drt_sl_24aug2021,"Pulmonary stenosis,",09.05.92,1,0,,,,,,Q22.3,TRUE,TRUE,FALSE
JULY2023_DRT2_update,"Pulmonary trunk (MPA) abnormality,",09.07.00,0,0,,,,1560,"Cardiac, Other",Q25.7,FALSE,FALSE,FALSE
Drt_sl_24aug2021,"Pulmonary trunk (MPA) abnormality, Pulmonary trunk hypoplasia,",09.07.11,1,0,,,,,,Q25.7,FALSE,TRUE,FALSE
Drt_sl_24aug2021,"Pulmonary trunk (MPA) abnormality, Supravalvar pulmonary trunk stenosis,",09.07.13,1,0,,,,430,"Pulmonary artery stenosis (hypoplasia), Main (trunk)",Q25.6,FALSE,TRUE,FALSE
Drt_sl_24aug2021,"Solitary arterial trunk (absent intrapericardial pulmonary arteries),",09.07.26,1,0,,,,1560,"Cardiac, Other",Q25.7,FALSE,FALSE,TRUE
Drt_sl_24aug2021,"Major systemic-to-pulmonary collateral artery(ies) (MAPCA(s)),",09.08.01,1,0,,,,,,Q27.8,FALSE,FALSE,FALSE
Drt_sl_24aug2021,"Vascular ring, Anomalous origin of left pulmonary artery from right pulmonary artery (pulmonary arterial sling),",09.09.06,1,0,,,,,,Q25.7,FALSE,FALSE,FALSE
Drt_sl_24aug2021,"Pulmonary artery from ascending aorta (hemitruncus),",09.09.08,1,0,,,,,,Q25.7,FALSE,FALSE,TRUE
JULY2023_DRT2_update,"Pulmonary arterial abnormality,",09.10.00,0,0,,,,,,Q25.7,FALSE,FALSE,FALSE
Drt_sl_24aug2021,"Pulmonary arterial abnormality, Pulmonary arterial stenosis,",09.10.01,1,0,,,,,,Q25.7,FALSE,TRUE,FALSE
Drt_sl_24aug2021,"Pulmonary arterial abnormality, Pulmonary arterial stenosis, Peripheral pulmonary arterial stenoses or hypoplasia: at-beyond hilar bifurcation,",09.10.06,1,0,,,,,,Q25.6,FALSE,TRUE,FALSE
Drt_sl_24aug2021,"Pulmonary arterial abnormality, Pulmonary arterial stenosis, Central pulmonary arterial stenosis or hypoplasia: proximal to hilar bifurcation,",09.10.07,1,0,,,,,,Q25.6,FALSE,TRUE,FALSE
Drt_sl_24aug2021,"Pulmonary arterial abnormality, Discontinuous (non-confluent) right and left pulmonary arteries,",09.10.10,1,0,,,,,,Q25.7,FALSE,FALSE,TRUE
Drt_sl_24aug2021,"Pulmonary arterial abnormality, Pulmonary arterial hypoplasia,",09.10.11,1,0,,,,,,Q25.7,FALSE,TRUE,FALSE
Drt_sl_24aug2021,"Pulmonary arterial abnormality, Pulmonary arterial stenosis, Right pulmonary arterial stenosis,",09.10.25,1,0,,,,,,Q25.6,FALSE,TRUE,FALSE
Drt_sl_24aug2021,"Pulmonary arterial abnormality, Pulmonary arterial stenosis, Left pulmonary arterial stenosis,",09.10.26,1,0,,,,,,Q25.6,FALSE,TRUE,FALSE
Drt_sl_24aug2021,"Pulmonary arterial abnormality, Pulmonary arterial aneurysm,",09.10.44,1,0,,,,1270,"Aneurysm, Pulmonary artery",Q25.7,FALSE,FALSE,FALSE
Drt_sl_24aug2021,"Aortic valvar abnormality,",09.15.00,1,0,,,,,,Q23.9,TRUE,FALSE,FALSE
Drt_sl_24aug2021,"Aortic valvar abnormality, Aortic valvar stenosis, Congenital aortic valvar stenosis,",09.15.01,1,0,,,,560,"Aortic stenosis, Valvar",Q23.0,TRUE,FALSE,FALSE
Drt_sl_24aug2021,"Aortic valvar abnormality, Aortic atresia,",09.15.03,1,0,,,,730,Hypoplastic left heart syndrome (HLHS),Q23.0,FALSE,FALSE,TRUE
JULY2023_DRT2_update,"Aortic valvar abnormality, Aortic regurgitation, Congenital aortic regurgitation,",09.15.07,1,0,1,VALVE,,600,Aortic insufficiency,Q23.1,TRUE,FALSE,FALSE
JULY2023_DRT2_update,"Aortic valvar abnormality, Eccentric opening of tricuspid aortic valve,",09.15.12,0,0,,,,620,"Aortic valve, Other",Q23.8,TRUE,FALSE,FALSE
CELERMAJER2021,"Aortic valvar abnormality, Aortic valvar stenosis,",09.15.13,1,0,,,,,,Q23.0,TRUE,FALSE,FALSE
Drt_sl_24aug2021,"Aortic valvar abnormality, Bicuspid aortic valve,",09.15.22,1,0,,,,620,"Aortic valve, Other",Q23.1,TRUE,FALSE,FALSE
Drt_sl_24aug2021,"Aortic valvar abnormality, Aortic valvar prolapse,",09.15.30,1,0,,,,620,"Aortic valve, Other",Q23.8,TRUE,FALSE,FALSE
JULY2023_DRT2_update,"Aortic valvar abnormality, Aortic regurgitation,",09.15.91,1,0,1,VALVE,,600,Aortic insufficiency,Q23.1,TRUE,FALSE,FALSE
Drt_sl_24aug2021,"Aortic stenosis,",09.15.92,0,0,,,,,,Q23.0,TRUE,TRUE,FALSE
Drt_sl_24aug2021,"Aortic abnormality, Supravalvar aortic stenosis,",09.16.00,1,0,,,,570,"Aortic stenosis, Supravalvar",Q25.3,FALSE,TRUE,FALSE
Drt_sl_24aug2021,"Aortic abnormality, Ascending aorta hypoplasia,",09.16.02,1,0,,,,1560,"Cardiac, Other",Q25.4,FALSE,TRUE,FALSE
JULY2023_DRT2_update,"Aortic abnormality, Ascending aorta dilation, Ascending aorta dilation associated with Marfan syndrome,",09.16.05,1,1,,,,1110,Aortic aneurysm (including pseudoaneurysm),Q87.4,FALSE,TRUE,FALSE
Drt_sl_24aug2021,"Aortic abnormality, Ascending aorta dilation,",09.16.09,1,0,,,,,,Q25.4,FALSE,FALSE,FALSE
JULY2023_DRT2_update,"Aortic abnormality, Ascending aorta abnormality,",09.16.10,0,0,,,,1560,"Cardiac, Other",Q25.3,FALSE,FALSE,FALSE
Drt_sl_24aug2021,"Abnormality of aorta: acquired, Aortic root dilation,",09.16.13,0,0,,,,1560,"Cardiac, Other",Q25.4,FALSE,FALSE,FALSE
CELERMAJER2021,"Aortoventricular tunnel,",09.17.01,1,0,,,,,,Q25.4,FALSE,TRUE,FALSE
Drt_sl_24aug2021,"Aortoventricular tunnel, Aorto: left ventricular tunnel,",09.17.02,1,0,,,,,,Q25.4,FALSE,TRUE,FALSE
Drt_sl_24aug2021,"Aortic sinus of Valsalva aneurysm,",09.18.01,1,0,,,,630,Sinus of Valsalva aneurysm,Q25.4,FALSE,TRUE,FALSE
CELERMAJER2022,"Arteriovenous fistula (malformation),",09.19.01,0,0,,,,7777,"Miscellaneous, Other",Q27.3,FALSE,FALSE,FALSE
CELERMAJER2022,"Arteriovenous fistula (malformation), Pulmonary arteriovenous fistula (malformation),",09.19.05,0,0,,,,,,Q25.7,FALSE,FALSE,FALSE
Drt_sl_24aug2021,"Distal systemic arterial abnormality,",09.20.20,0,0,,,,,,Q27.8,FALSE,FALSE,FALSE
Drt_sl_24aug2021,"Systemic-to-pulmonary collateral arter(ies) (MAPCA(s)) stenosis(es),",09.20.25,1,0,,,,,,Q27.8,FALSE,FALSE,FALSE
JULY2023_DRT2_update,"Arterial duct (ductus arteriosus) abnormality,",09.27.00,1,0,1,PDA,,,,Q25.8,FALSE,FALSE,FALSE
JULY2023_DRT2_update,"Arterial duct (ductus arteriosus) abnormality, Patent arterial duct (PDA),",09.27.21,1,0,1,PDA,,1080,Patent ductus arteriosus,Q25.0,TRUE,TRUE,FALSE
Drt_sl_24aug2021,"Aortic arch abnormality,",09.28.00,1,0,,,,1560,"Cardiac, Other",Q25.4,FALSE,FALSE,FALSE
Drt_sl_24aug2021,"Vascular ring, Double aortic arch,",09.28.09,1,0,,,,1090,Vascular ring,Q25.4,FALSE,FALSE,FALSE
Drt_sl_24aug2021,"Aortic arch abnormality, Right aortic arch,",09.28.15,1,0,,,,,,Q25.4,FALSE,FALSE,FALSE
Drt_sl_24aug2021,"Descending aorta dilation,",09.28.16,0,0,,,,,,Q25.4,FALSE,FALSE,FALSE
Drt_sl_24aug2021,"Aortic arch abnormality, Aortic coarctation,",09.29.01,1,0,,,,990,Coarctation of aorta,Q25.1,FALSE,TRUE,FALSE
Drt_sl_24aug2021,"Aortic arch abnormality, Aortic arch hypoplasia (tubular),",09.29.11,1,0,,,,1000,Aortic arch hypoplasia,Q25.4,FALSE,TRUE,FALSE
Drt_sl_24aug2021,"Descending-abdominal aorta hypoplasia (middle aortic syndrome),",09.29.16,1,0,,,,,,Q25.4,FALSE,FALSE,FALSE
Drt_sl_24aug2021,"Aortic arch abnormality, Interrupted aortic arch,",09.29.31,1,0,,,,1070,Interrupted aortic arch,Q25.4,FALSE,FALSE,TRUE
Drt_sl_24aug2021,"Aortic arch abnormality, Aortic arch branch abnormality,",09.30.00,1,0,,,,,,Q27.8,FALSE,FALSE,FALSE
Drt_sl_24aug2021,"Aortic arch abnormality, Aortic arch branch abnormality, Aberrant origin right subclavian artery,",09.30.02,1,0,,,,,,Q27.8,FALSE,FALSE,FALSE
Drt_sl_24aug2021,"Aortic arch abnormality, Aortic arch branch abnormality, Aberrant origin left subclavian artery,",09.30.04,1,0,,,,,,Q27.8,FALSE,FALSE,FALSE
Drt_sl_24aug2021,"Vascular ring,",09.31.00,1,0,,,,1090,Vascular ring,Q25.4,FALSE,FALSE,FALSE
Drt_sl_24aug2021,"Coronary arterial abnormality, Anomalous origin of coronary artery from pulmonary arterial tree,",09.41.01,1,0,,,,1020,"Coronary artery anomaly, Anomalous pulmonary origin (includes ALCAPA)",Q24.5,FALSE,TRUE,FALSE
Drt_sl_24aug2021,"Coronary arterial abnormality, Anomalous aortic origin or course of coronary artery,",09.42.00,1,0,,,,,,Q24.5,FALSE,TRUE,FALSE
Drt_sl_24aug2021,"Coronary arterial abnormality, Anomalous aortic origin of coronary artery (AAOCA),",09.42.20,1,0,,,,1010,"Coronary artery anomaly, Anomalous aortic origin of coronary artery (AAOCA)",Q24.5,FALSE,TRUE,FALSE
Drt_sl_24aug2021,"Coronary arterial abnormality, Intramural proximal coronary arterial course,",09.43.05,1,0,,,,1010,"Coronary artery anomaly, Anomalous aortic origin of coronary artery (AAOCA)",Q24.5,FALSE,FALSE,FALSE
Drt_sl_24aug2021,"Coronary arterial abnormality, Aberrant course of coronary artery: across right ventricular outflow tract,",09.43.18,1,0,,,,,,Q24.5,FALSE,FALSE,FALSE
Drt_sl_24aug2021,"Coronary arterial abnormality, Coronary fistula,",09.45.01,1,0,,,,,,Q24.5,FALSE,FALSE,FALSE
Drt_sl_24aug2021,"Coronary fistulas within right ventricle ('sinusoidal'),",09.45.11,1,0,,,,,,Q24.8,FALSE,FALSE,FALSE
JULY2023_DRT2_update,"Coronary arterial abnormality,",09.46.00,0,0,,,,,,Q24.5,FALSE,FALSE,FALSE
CELERMAJER2021,"Coronary arterial abnormality, Coronary arterial aneurysm(s),",09.46.01,0,0,,,,1040,"Coronary artery anomaly, Aneurysm",Q24.5,FALSE,FALSE,FALSE
Drt_sl_24aug2021,"Right ventricle dependent coronary circulation,",09.46.06,1,0,,,,,,Q24.8,FALSE,FALSE,TRUE
CELERMAJER2021,"Pericardial abnormality,",10.01.00,0,0,,,,780,"Pericardial disease, Other",Q24.8,FALSE,FALSE,FALSE
Drt_sl_24aug2021,"Heart tumour,",10.03.01,0,0,,,,,,D48.7,FALSE,FALSE,FALSE
Drt_sl_24aug2021,"Acute rheumatic fever,",10.05.01,0,0,,,,7777,"Miscellaneous, Other",I00,FALSE,FALSE,FALSE
Drt_sl_24aug2021,"Rheumatic fever with cardiac involvement,",10.05.21,0,0,,,,1325,Rheumatic heart disease,I01,FALSE,FALSE,FALSE
Drt_sl_24aug2021,"Rheumatic valvar disease,",10.05.30,0,0,,,,1325,Rheumatic heart disease,I09.1,FALSE,FALSE,FALSE
Drt_sl_24aug2021,"Rheumatic valvar disease, Rheumatic mitral valvar disease,",10.05.31,0,0,,,,,,I05.9,FALSE,FALSE,FALSE
Drt_sl_24aug2021,"Rheumatic valvar disease, Rheumatic aortic valvar disease,",10.05.33,0,0,,,,,,I06.9,FALSE,FALSE,FALSE
Drt_sl_24aug2021,"Endocarditis,",10.06.00,0,0,,,,,,I33.0,FALSE,FALSE,FALSE
Drt_sl_24aug2021,"Infective endocarditis,",10.06.01,0,0,,,,,,I33.0,FALSE,FALSE,FALSE
Drt_sl_24aug2021,"Heart abscess,",10.06.20,0,0,,,,1320,Endocarditis,I51.8,FALSE,FALSE,FALSE
Drt_sl_24aug2021,"Infective endocarditis, Bacterial endocarditis,",10.06.41,0,0,,,,1320,Endocarditis,I33.0,FALSE,FALSE,FALSE
Drt_sl_24aug2021,"Infective endocarditis, Postprocedural endocarditis,",10.06.64,0,0,,,,1320,Endocarditis,I33.0,FALSE,FALSE,FALSE
Drt_sl_24aug2021,"Preprocedural endocarditis,",10.06.65,0,0,,,,1320,Endocarditis,I33.0,FALSE,FALSE,FALSE
Drt_sl_24aug2021,"Infectious myocarditis,",10.07.01,0,0,,,,1560,"Cardiac, Other",I40.0,FALSE,FALSE,FALSE
Drt_sl_24aug2021,"Infectious myocarditis, Viral myocarditis,",10.07.03,0,0,,,,1560,"Cardiac, Other",I40.0,FALSE,FALSE,FALSE
Drt_sl_24aug2021,"Drug induced heart muscle disease,",10.07.05,0,0,,,,,,I42.7,FALSE,FALSE,FALSE
Drt_sl_24aug2021,"Infectious myocarditis, Trypanosomal myocarditis (Chagas' disease),",10.07.08,0,0,,,,1560,"Cardiac, Other",B57.2,FALSE,FALSE,FALSE
JULY2023_DRT2_update,"Myocardial failure in end stage congenital heart disease,",10.07.40,1,0,,,,750,"Cardiomyopathy, End-stage congenital heart disease",I50.9,FALSE,FALSE,FALSE
Drt_sl_24aug2021,"Complication after heart or lung transplant, Heart muscle disease in cardiac rejection,",10.07.42,0,0,,,,,,T86.2,FALSE,FALSE,FALSE
Drt_sl_24aug2021,"Nutritional heart muscle disease,",10.07.61,0,0,,,,,,E63.9,FALSE,FALSE,FALSE
Drt_sl_24aug2021,"Neonatal disorder, Heart muscle disease in infant of diabetic mother,",10.07.71,1,0,,,,,,P70.1,FALSE,FALSE,FALSE
Drt_sl_24aug2021,"Heart muscle disease in collagen vascular/ connective tissue disorder,",10.07.81,0,0,,,,,,M35.9,FALSE,FALSE,FALSE
Drt_sl_24aug2021,"Myocarditis,",10.07.90,0,0,,,,1560,"Cardiac, Other",I51.4,FALSE,FALSE,FALSE
Drt_sl_24aug2021,"Pericardial abnormality: acquired, Pericarditis,",10.08.00,0,0,,,,770,Pericarditis,I30.9,FALSE,FALSE,FALSE
Drt_sl_24aug2021,"Infectious pericarditis,",10.08.01,0,0,,,,770,Pericarditis,I30.1,FALSE,FALSE,FALSE
Drt_sl_24aug2021,"Infectious pericarditis, Viral pericarditis,",10.08.03,0,0,,,,770,Pericarditis,I30.1,FALSE,FALSE,FALSE
Drt_sl_24aug2021,"Infectious pericarditis, Bacterial pericarditis,",10.08.04,0,0,,,,770,Pericarditis,I30.1,FALSE,FALSE,FALSE
Drt_sl_24aug2021,"Pericardial abnormality: acquired, Pericarditis, Constrictive pericarditis,",10.08.09,0,0,,,,770,Pericarditis,I31.1,FALSE,FALSE,FALSE
Drt_sl_24aug2021,"Pericardial abnormality: acquired, Pericardial effusion, Cardiac tamponade,",10.08.13,0,0,,,,760,Pericardial effusion,I31.9,FALSE,FALSE,FALSE
Drt_sl_24aug2021,"Pericardial abnormality: acquired, Pericardial effusion, Chylopericardium,",10.08.15,0,0,,,,760,Pericardial effusion,I31.3,FALSE,FALSE,FALSE
Drt_sl_24aug2021,"Pericardial abnormality: acquired,",10.08.29,0,0,,,,780,"Pericardial disease, Other",I31.9,FALSE,FALSE,FALSE
Drt_sl_24aug2021,"Pericardial abnormality: acquired, Pericardial effusion,",10.08.31,0,0,,,,760,Pericardial effusion,I31.3,FALSE,FALSE,FALSE
Drt_sl_24aug2021,"Kawasaki disease,",10.09.01,0,0,,,,,,M30.3,FALSE,FALSE,FALSE
Drt_sl_24aug2021,"Kawasaki disease, Kawasaki disease with aneurysm(s) or dilated coronary vessels,",10.09.02,0,0,,,,,,M30.3,FALSE,FALSE,FALSE
Drt_sl_24aug2021,"Kawasaki disease, Kawasaki disease without cardiac involvement,",10.09.08,0,0,,,,,,M30.3,FALSE,FALSE,FALSE
Drt_sl_24aug2021,"Acquired coronary arterial disease,",10.09.10,0,0,,,,1050,"Coronary artery anomaly, Other",I25.9,FALSE,FALSE,FALSE
Drt_sl_24aug2021,"Acquired coronary arterial disease, Ischaemic heart disease,",10.09.30,0,0,,,,,,I25.9,FALSE,FALSE,FALSE
JULY2023_DRT2_update,"Cardiomyopathy,",10.10.01,1,1,,,,740,"Cardiomyopathy (including dilated, restrictive, and hypertrophic)",I42.9,FALSE,FALSE,FALSE
Drt_sl_24aug2021,"Cardiomyopathy, Restrictive cardiomyopathy,",10.10.10,0,0,,,,740,"Cardiomyopathy (including dilated, restrictive, and hypertrophic)",I42.5,FALSE,FALSE,FALSE
Drt_sl_24aug2021,"Cardiomyopathy, Restrictive cardiomyopathy, Idiopathic restrictive cardiomyopathy,",10.10.11,0,0,,,,,,I42.5,FALSE,FALSE,FALSE
CELERMAJER2021,"Cardiomyopathy, Endocardial fibroelastosis,",10.10.12,0,0,,,,1560,"Cardiac, Other",I42.4,FALSE,FALSE,FALSE
Drt_sl_24aug2021,"Cardiomyopathy, Infiltrative cardiomyopathy,",10.10.13,0,0,,,,,,I42.8,FALSE,FALSE,FALSE
JULY2023_DRT2_update,"Cardiomyopathy, Hypertrophic cardiomyopathy,",10.10.20,1,1,,,,740,"Cardiomyopathy (including dilated, restrictive, and hypertrophic)",I42.2,FALSE,FALSE,FALSE
JULY2023_DRT2_update,"Cardiomyopathy, Dilated cardiomyopathy,",10.10.25,1,1,,,,740,"Cardiomyopathy (including dilated, restrictive, and hypertrophic)",I42.0,FALSE,FALSE,FALSE
Drt_sl_24aug2021,"Innocent murmur,",10.12.01,0,0,,,,,,R01.0,FALSE,FALSE,FALSE
Drt_sl_24aug2021,"Symptom-sign of heart disease, Failure to thrive,",10.12.39,0,0,,,,,,R62.8,FALSE,FALSE,FALSE
Drt_sl_24aug2021,"Symptom-sign of heart disease, Chest pain,",10.12.42,0,0,,,,,,R07.4,FALSE,FALSE,FALSE
Drt_sl_24aug2021,"Symptom-sign of heart disease, Angina pectoris,",10.12.51,0,0,,,,1560,"Cardiac, Other",I20.9,FALSE,FALSE,FALSE
Drt_sl_24aug2021,"Pulmonary arterial hypertension,",10.13.01,0,0,,,,1385,Pulmonary vascular obstructive disease,I27.0,FALSE,FALSE,FALSE
Drt_sl_24aug2021,"Pulmonary arterial hypertension, Idiopathic (primary) pulmonary hypertension,",10.13.02,0,0,,,,1400,Primary pulmonary hypertension,I27.0,FALSE,FALSE,FALSE
Drt_sl_24aug2021,"Pulmonary vascular disease,",10.13.06,0,0,,,,,,I27.8,FALSE,FALSE,FALSE
CELERMAJER2021,"Pulmonary vascular disease, Irreversible pulmonary vascular disease due to congenital heart disease",10.13.08,1,0,,,,,,I27.8,FALSE,FALSE,TRUE
Drt_sl_24aug2021,"Pulmonary arterial hypertension, Secondary pulmonary hypertension,",10.13.20,0,0,,,,1385,Pulmonary vascular obstructive disease,I27.8,FALSE,FALSE,FALSE
Drt_sl_24aug2021,"Pulmonary arterial hypertension, Secondary pulmonary hypertension, Pulmonary hypertension due to congenital systemic-to-pulmonary shunt,",10.13.21,1,0,,,,1385,Pulmonary vascular obstructive disease,I27.8,FALSE,FALSE,FALSE
Drt_sl_24aug2021,"Pulmonary arterial disease: acquired,",10.13.50,0,0,,,,,,I28.9,FALSE,FALSE,FALSE
Drt_sl_24aug2021,"Pulmonary embolism,",10.13.51,0,0,,,,,,I26.9,FALSE,FALSE,FALSE
Drt_sl_24aug2021,"Elevated lung resistance for biventricular repair (over 6 Wood units),",10.13.63,0,0,,,,,,I27.8,FALSE,FALSE,FALSE
Drt_sl_24aug2021,"Elevated lung resistance for heart transplant (over 4 Wood units),",10.13.64,0,0,,,,,,I27.8,FALSE,FALSE,FALSE
JULY2023_DRT2_update,"Elevated lung resistance for univentricular repair (over 2 Wood units),",10.13.65,1,0,,,,,,I27.8,FALSE,FALSE,FALSE
Drt_sl_24aug2021,"Pulmonary arterial disease: acquired, Right pulmonary arterial stenosis: acquired,",10.13.68,0,0,,,,,,I28.8,FALSE,FALSE,FALSE
Drt_sl_24aug2021,"Pulmonary arterial disease: acquired, Left pulmonary arterial stenosis: acquired,",10.13.69,0,0,,,,,,I28.8,FALSE,FALSE,FALSE
Drt_sl_24aug2021,"Systemic hypertension, Secondary systemic hypertension,",10.14.00,0,0,,,,7777,"Miscellaneous, Other",I15.9,FALSE,FALSE,FALSE
Drt_sl_24aug2021,"Systemic hypertension,",10.14.01,0,0,,,,,,I10,FALSE,FALSE,FALSE
Drt_sl_24aug2021,"Systemic hypertension, Primary (essential) systemic hypertension,",10.14.02,0,0,,,,7777,"Miscellaneous, Other",I10,FALSE,FALSE,FALSE
Drt_sl_24aug2021,"Systemic hypertension, Secondary systemic hypertension, Systemic hypertension due to aortic arch obstruction,",10.14.04,1,0,,,,7777,"Miscellaneous, Other",I15.8,FALSE,FALSE,FALSE
Drt_sl_24aug2021,"Abnormality of aorta: acquired, Ascending aorta dilation: acquired,",10.14.40,0,0,,,,1560,"Cardiac, Other",I71.9,FALSE,FALSE,FALSE
Drt_sl_24aug2021,"Abnormality of aorta: acquired, Aortic aneurysm, Ascending aorta aneurysm,",10.14.42,0,0,,,,1110,Aortic aneurysm (including pseudoaneurysm),I71.2,FALSE,FALSE,FALSE
Drt_sl_24aug2021,"Abnormality of aorta: acquired, Aortic aneurysm, Descending aorta aneurysm,",10.14.43,0,0,,,,,,I71.2,FALSE,FALSE,FALSE
Drt_sl_24aug2021,"Abnormality of aorta: acquired, Aortic aneurysm, Abdominal aorta aneurysm,",10.14.44,0,0,,,,1110,Aortic aneurysm (including pseudoaneurysm),I71.4,FALSE,FALSE,FALSE
Drt_sl_24aug2021,"Abnormality of aorta: acquired, Aortic aneurysm, Rupture of thoracic aortic aneurysm,",10.14.45,0,0,,,,,,I71.1,FALSE,FALSE,FALSE
Drt_sl_24aug2021,"Abnormality of aorta: acquired, Aortic aneurysm, Rupture of abdominal aortic aneurysm,",10.14.46,0,0,,,,1110,Aortic aneurysm (including pseudoaneurysm),I71.5,FALSE,FALSE,FALSE
Drt_sl_24aug2021,"Abnormality of aorta: acquired, Aortic aneurysm,",10.14.50,0,0,,,,1110,Aortic aneurysm (including pseudoaneurysm),I71.2,FALSE,FALSE,FALSE
Drt_sl_24aug2021,"Abnormality of aorta: acquired, Aortic dissection,",10.14.51,0,0,,,,1120,Aortic dissection,I71.0,FALSE,FALSE,FALSE
Drt_sl_24aug2021,"Abnormality of aorta: acquired, Aortic dissection, Ascending aorta dissection & propagation beyond arch (DeBakey type I),",10.14.52,0,0,,,,1120,Aortic dissection,I71.0,FALSE,FALSE,FALSE
Drt_sl_24aug2021,"Abnormality of aorta: acquired, Aortic dissection, Ascending aorta dissection not beyond arch (DeBakey type II/ Stanford type A),",10.14.53,0,0,,,,,,I71.0,FALSE,FALSE,FALSE
Drt_sl_24aug2021,"Abnormality of aorta: acquired, Aortic dissection, Descending aorta dissection & distal propagation (DeBakey type III/ Stanford type B),",10.14.54,0,0,,,,,,I71.0,FALSE,FALSE,FALSE
Drt_sl_24aug2021,"Systemic arteritis,",10.14.60,0,0,,,,1560,"Cardiac, Other",I77.6,FALSE,FALSE,FALSE
Drt_sl_24aug2021,"Abnormality of aorta: acquired,",10.14.70,0,0,,,,1560,"Cardiac, Other",I77.8,FALSE,FALSE,FALSE
JULY2023_DRT2_update,"Abnormality of aorta: acquired, Recoarctation of aorta,",10.14.72,1,0,,,,990,Coarctation of aorta,I77.1,FALSE,FALSE,FALSE
Drt_sl_24aug2021,"Paradoxical arterial embolus,",10.14.74,0,0,,,,1560,"Cardiac, Other",I74.9,FALSE,FALSE,FALSE
Drt_sl_24aug2021,"Abnormality of aorta: acquired, Supravalvar aortic stenosis: acquired,",10.14.77,0,0,,,,,,I77.1,FALSE,FALSE,FALSE
JULY2023_DRT2_update,"Arterial duct (ductus arteriosus) abnormality: acquired,",10.14.80,0,0,,,,,,I77.8,FALSE,FALSE,FALSE
JULY2023_DRT2_update,"Abnormality of aorta: acquired, Ascending aortopathy associated with conotruncal malformations,",10.14.95,1,0,,,,,,I71.9,FALSE,FALSE,FALSE
Drt_sl_24aug2021,"Neonatal disorder,",10.15.00,0,0,,,,,,P96.9,FALSE,FALSE,FALSE
Drt_sl_24aug2021,"Persistent pulmonary hypertension of the newborn (PFC),",10.15.01,0,0,,,,1385,Pulmonary vascular obstructive disease,P29.3,FALSE,FALSE,FALSE
Drt_sl_24aug2021,"Neonatal disorder, Necrotising enterocolitis,",10.15.05,0,0,,,,,,P77,FALSE,FALSE,FALSE
Drt_sl_24aug2021,"Transient myocardial ischaemia,",10.15.10,0,0,,,,,,P29.4,FALSE,FALSE,FALSE
Drt_sl_24aug2021,"Neonatal disorder, Meconium aspiration,",10.15.12,0,0,,,,,,P24.0,FALSE,FALSE,FALSE
Drt_sl_24aug2021,"Right ventricular abnormality: acquired,",10.16.00,0,0,,,,,,I51.8,FALSE,FALSE,FALSE
Drt_sl_24aug2021,"Right ventricular abnormality: acquired, Right ventricular-congestive heart failure,",10.16.08,0,0,,,,,,I50.0,FALSE,FALSE,FALSE
Drt_sl_24aug2021,"Right ventricular outflow tract obstruction: acquired,",10.16.16,0,0,,,,,,I51.8,FALSE,FALSE,FALSE
Drt_sl_24aug2021,"Left ventricular abnormality: acquired,",10.16.40,0,0,,,,,,I51.8,FALSE,FALSE,FALSE
Drt_sl_24aug2021,"Postprocedural left ventricular outflow tract complication, Recurrent left ventricular outflow tract obstruction,",10.16.46,1,0,,,,,,I51.8,FALSE,FALSE,FALSE
Drt_sl_24aug2021,"Left ventricular abnormality: acquired, Left ventricular failure,",10.16.47,0,0,,,,,,I50.1,FALSE,FALSE,FALSE
Drt_sl_24aug2021,"Abnormality associated with ventricular septum: acquired,",10.16.60,0,0,,,,1560,"Cardiac, Other",I51.0,FALSE,FALSE,FALSE
Drt_sl_24aug2021,"Abnormality associated with ventricular septum: acquired, Postmyocardial infarct ventricular septal defect (VSD),",10.16.62,0,0,,,,,,I23.2,FALSE,FALSE,FALSE
Drt_sl_24aug2021,"Narrowing of constructed intraventricular tunnel: acquired,",10.16.81,0,0,,,,,,T82.8,FALSE,FALSE,FALSE
JULY2023_DRT2_update,"Subaortic stenosis: acquired, Subaortic stenosis in functionally univentricular heart: acquired,",10.16.82,1,0,,,,,,I51.8,FALSE,FALSE,FALSE
JULY2023_DRT2_update,"Subpulmonary stenosis: acquired, Subpulmonary stenosis in functionally univentricular heart: acquired,",10.16.83,1,0,,,,,,I51.8,FALSE,FALSE,FALSE
Drt_sl_24aug2021,"Subaortic stenosis: acquired,",10.16.86,0,0,,,,,,I51.8,FALSE,FALSE,FALSE
Drt_sl_24aug2021,"Subpulmonary stenosis: acquired,",10.16.88,0,0,,,,490,"Pulmonary stenosis, Subvalvar",I51.8,FALSE,FALSE,FALSE
Drt_sl_24aug2021,"Symptom-sign of heart disease,",10.17.00,0,0,,,,,,R09.8,FALSE,FALSE,FALSE
Drt_sl_24aug2021,"Symptom-sign of heart disease, Cyanosis,",10.17.03,0,0,,,,,,R23.0,FALSE,FALSE,FALSE
Drt_sl_24aug2021,"Symptom-sign of heart disease, Heart failure,",10.17.05,0,0,,,,,,I50.9,FALSE,FALSE,FALSE
Drt_sl_24aug2021,"Cardiac symptom without pathology,",10.17.09,0,0,,,,,,R09.8,FALSE,FALSE,FALSE
Drt_sl_24aug2021,"Symptom-sign of heart disease, Cyanotic spells,",10.17.12,0,0,,,,,,R09.8,FALSE,FALSE,FALSE
Drt_sl_24aug2021,"Symptom-sign of heart disease, Palpitations,",10.17.13,0,0,,,,,,R00.2,FALSE,FALSE,FALSE
Drt_sl_24aug2021,"Symptom-sign of heart disease, Shock,",10.17.23,0,0,,,,1560,"Cardiac, Other",R57.9,FALSE,FALSE,FALSE
Drt_sl_24aug2021,"Atrial septum abnormality: acquired,",10.17.40,0,0,,,,1560,"Cardiac, Other",I51.8,FALSE,FALSE,FALSE
JULY2023_DRT2_update,"Platypnoea-orthodeoxia syndrome,",10.17.50,1,0,,,,,,Q21.8,FALSE,FALSE,FALSE
Drt_sl_24aug2021,"Acquired coronary arterial disease, Myocardial infarction,",10.18.00,0,0,,,,,,I21.9,FALSE,FALSE,FALSE
Drt_sl_24aug2021,"Acquired coronary arterial disease, Myocardial infarction, Acute myocardial infarction,",10.18.01,0,0,,,,,,I21.9,FALSE,FALSE,FALSE
Drt_sl_24aug2021,"Acquired coronary arterial disease, Myocardial infarction, Postmyocardial infarction complication,",10.18.24,0,0,,,,,,,FALSE,FALSE,FALSE
Drt_sl_24aug2021,"Personal history of ischaemic heart disease,",10.18.48,0,0,,,,,,Z86.7,FALSE,FALSE,FALSE
Drt_sl_24aug2021,"Musculoskeletal chest pain,",10.18.52,0,0,,,,,,M62.8,FALSE,FALSE,FALSE
Drt_sl_24aug2021,"Dyslipidaemia,",10.19.01,0,0,,,,,,E78.9,FALSE,FALSE,FALSE
JULY2023_DRT2_update,"Dyslipidaemia, Hypercholesterolaemia, Familial hypercholesterolaemia,",10.19.02,0,1,,,,,,E78.0,FALSE,FALSE,FALSE
Drt_sl_24aug2021,"Dyslipidaemia, Hypercholesterolaemia,",10.19.11,0,0,,,,,,E78.0,FALSE,FALSE,FALSE
Drt_sl_24aug2021,"No pre-procedural risk factors,",10.20.00,0,0,,,,,,,FALSE,FALSE,FALSE
Drt_sl_24aug2021,"Preprocedural shock,",10.20.02,0,0,,,,,,R57.0,FALSE,FALSE,FALSE
Drt_sl_24aug2021,"Preprocedural arrhythmia,",10.20.03,0,0,,,,,,I49.9,FALSE,FALSE,FALSE
Drt_sl_24aug2021,"Preprocedural acidosis,",10.20.05,0,0,,,,,,E87.8,FALSE,FALSE,FALSE
Drt_sl_24aug2021,"Preprocedural coagulation disorder,",10.20.06,0,0,,,,,,D68.9,FALSE,FALSE,FALSE
Drt_sl_24aug2021,"Preprocedural renal failure (creatinine over 1.5 times upper limit of normal for age),",10.20.07,0,0,,,,,,N17.9,FALSE,FALSE,FALSE
Drt_sl_24aug2021,"Preprocedural renal failure (creatinine over 1.5 times upper limit of normal for age), Preprocedural renal failure requiring dialysis,",10.20.08,0,0,,,,,,Z99.2,FALSE,FALSE,FALSE
Drt_sl_24aug2021,"Preprocedural septicaemia,",10.20.09,0,0,,,,,,A41.9,FALSE,FALSE,FALSE
Drt_sl_24aug2021,"Preprocedural neurological impairment,",10.20.12,0,0,,,,,,G93.9,FALSE,FALSE,FALSE
Drt_sl_24aug2021,"Preprocedural cerebral abnormality on imaging,",10.20.13,0,0,,,,,,R90.8,FALSE,FALSE,FALSE
Drt_sl_24aug2021,"Preprocedural mechanical ventilatory support,",10.20.14,0,0,,,,,,Z99.1,FALSE,FALSE,FALSE
Drt_sl_24aug2021,"Preprocedural mechanical circulatory support,",10.20.15,0,0,,,,,,Z99.8,FALSE,FALSE,FALSE
Drt_sl_24aug2021,"Preprocedural pulmonary hypertension,",10.20.16,0,0,,,,1385,Pulmonary vascular obstructive disease,J95.8,FALSE,FALSE,FALSE
Drt_sl_24aug2021,"Preprocedural tracheostomy,",10.20.17,0,0,,,,,,Z93.0,FALSE,FALSE,FALSE
Drt_sl_24aug2021,"Preprocedural seizures,",10.20.18,0,0,,,,,,R56.8,FALSE,FALSE,FALSE
Drt_sl_24aug2021,"Preprocedural risk factor,",10.20.19,0,0,,,,,,,FALSE,FALSE,FALSE
Drt_sl_24aug2021,"Preprocedural shock, Preprocedural shock at time of surgery (persistent),",10.20.31,0,0,,,,,,R57.0,FALSE,FALSE,FALSE
Drt_sl_24aug2021,"Preprocedural shock, Preprocedural shock resolved by time of surgery,",10.20.32,0,0,,,,,,R57.0,FALSE,FALSE,FALSE
Drt_sl_24aug2021,"Preprocedural cardiopulmonary resuscitation (less than 48 hours),",10.20.33,0,0,,,,,,I46.9,FALSE,FALSE,FALSE
Drt_sl_24aug2021,"Preprocedural myocardial dysfunction,",10.20.34,0,0,,,,,,I51.8,FALSE,FALSE,FALSE
Drt_sl_24aug2021,"Preprocedural respiratory syncytial virus (RSV) infection,",10.20.37,0,0,,,,,,J12.1,FALSE,FALSE,FALSE
Drt_sl_24aug2021,"Preprocedural necrotising enterocolitis: treated medically,",10.20.38,0,0,,,,,,P77,FALSE,FALSE,FALSE
Drt_sl_24aug2021,"Preprocedural necrotising enterocolitis: treated surgically,",10.20.39,0,0,,,,,,P77,FALSE,FALSE,FALSE
Drt_sl_24aug2021,"Preprocedural pulmonary hypertension (pulmonary pressure more than or equal to systemic pressure): echo data,",10.20.45,0,0,,,,,,J95.8,FALSE,FALSE,FALSE
Drt_sl_24aug2021,"Preprocedural pulmonary hypertension (pulmonary pressure more than or equal to systemic pressure): catheter data,",10.20.46,0,0,,,,,,J95.8,FALSE,FALSE,FALSE
Drt_sl_24aug2021,"Neonatal disorder, Premature birth,",10.22.02,0,0,,,,,,P07.3,FALSE,FALSE,FALSE
Drt_sl_24aug2021,"Neonatal disorder, Infant of diabetic mother,",10.22.03,0,0,,,,,,P70.1,FALSE,FALSE,FALSE
Drt_sl_24aug2021,"Neonatal disorder, Premature birth, Premature birth 32-35 weeks,",10.22.05,0,0,,,,,,P07.3,FALSE,FALSE,FALSE
Drt_sl_24aug2021,"Neonatal disorder, Premature birth, Premature birth less than 32 weeks,",10.22.06,0,0,,,,,,P07.3,FALSE,FALSE,FALSE
Drt_sl_24aug2021,"Weight less than 2.5 kg,",10.22.07,0,0,,,,,,P07.1,FALSE,FALSE,FALSE
Drt_sl_24aug2021,"Hereditary-non-cardiac abnormality not apparent,",10.23.00,0,0,,,,,,,FALSE,FALSE,FALSE
Drt_sl_24aug2021,"Family history of congenital heart lesion,",10.23.01,0,0,,,,,,Z82.7,FALSE,FALSE,FALSE
Drt_sl_24aug2021,"Maternal systemic lupus erythematosus (SLE),",10.23.02,0,0,,,,,,P00.8,FALSE,FALSE,FALSE
Drt_sl_24aug2021,"Family history of disorder with cardiac involvement,",10.23.03,0,0,,,,,,Z82.7,FALSE,FALSE,FALSE
Drt_sl_24aug2021,"Hereditary disorder potentially with associated heart disease,",10.23.04,0,0,,,,,,Q87.8,FALSE,FALSE,FALSE
Drt_sl_24aug2021,"Family history of sudden death,",10.23.11,0,0,,,,,,Z84.8,FALSE,FALSE,FALSE
Drt_sl_24aug2021,"Pulmonary venous abnormality: acquired,",10.24.00,0,0,,,,,,I28.9,FALSE,FALSE,FALSE
Drt_sl_24aug2021,"Systemic vein abnormality: acquired,",10.30.00,0,0,,,,,,I87.9,FALSE,FALSE,FALSE
Drt_sl_24aug2021,"Systemic vein abnormality: acquired, Systemic vein obstruction,",10.30.09,0,0,,,,,,I87.1,FALSE,FALSE,FALSE
Drt_sl_24aug2021,"Pulmonary oedema,",10.30.30,0,0,,,,,,J81,FALSE,FALSE,FALSE
Drt_sl_24aug2021,"Superior caval vein (SVC) abnormality: acquired,",10.31.01,0,0,,,,,,I87.9,FALSE,FALSE,FALSE
Drt_sl_24aug2021,"Inferior caval vein (IVC) abnormality - acquired,",10.31.21,0,0,,,,270,Systemic venous anomaly,I87.9,FALSE,FALSE,FALSE
Drt_sl_24aug2021,"Heart valvar abnormality: acquired,",10.32.00,0,0,,,,,,I38,FALSE,FALSE,FALSE
Drt_sl_24aug2021,"Tricuspid valvar abnormality: acquired,",10.32.01,0,0,,,,,,I36.9,FALSE,FALSE,FALSE
Drt_sl_24aug2021,"Prosthetic valve failure,",10.33.00,0,0,,,,1330,Prosthetic valve failure,T82.0,FALSE,FALSE,FALSE
Drt_sl_24aug2021,"Mitral valvar abnormality: acquired,",10.33.01,0,0,,,,,,I34.9,FALSE,FALSE,FALSE
Drt_sl_24aug2021,"Mitral valvar abnormality: acquired, Mitral stenosis: acquired,",10.33.02,0,0,,,,695,Mitral stenosis,I34.2,FALSE,FALSE,FALSE
Drt_sl_24aug2021,"Mitral valvar abnormality: acquired, Mitral stenosis: acquired, Mitral valvar stenosis: recurrent,",10.33.03,0,0,,,,720,"Mitral valve, Other",I34.2,FALSE,FALSE,FALSE
JULY2023_DRT2_update,"Mitral valvar abnormality: acquired, Mitral regurgitation: acquired,",10.33.04,1,0,1,VALVE,,710,Mitral regurgitation,I34.0,FALSE,FALSE,FALSE
JULY2023_DRT2_update,"Mitral valvar abnormality: acquired, Mitral regurgitation: acquired, Mitral regurgitation: recurrent,",10.33.06,1,0,1,VALVE,,720,"Mitral valve, Other",I34.0,FALSE,FALSE,FALSE
Drt_sl_24aug2021,"Atrioventricular valvar abnormality in atrioventricular septal defect (AVSD): acquired, Left atrioventricular valvar regurgitation: acquired,",10.34.44,1,0,,,,,,I34.0,FALSE,FALSE,FALSE
Drt_sl_24aug2021,"Atrioventricular valvar abnormality in atrioventricular septal defect (AVSD): acquired,",10.34.60,1,0,,,,,,I38,FALSE,FALSE,FALSE
Drt_sl_24aug2021,"Pulmonary valvar abnormality: acquired,",10.35.01,0,0,,,,,,I37.9,FALSE,FALSE,FALSE
Drt_sl_24aug2021,"Pulmonary valvar abnormality: acquired, Pulmonary valvar stenosis: acquired,",10.35.02,0,0,,,,420,"Pulmonary stenosis, Valvar",I37.0,FALSE,FALSE,FALSE
Drt_sl_24aug2021,"Pulmonary valvar abnormality: acquired, Pulmonary valvar stenosis: acquired, Pulmonary valvar stenosis: recurrent,",10.35.03,0,0,,,,,,I37.0,FALSE,FALSE,FALSE
JULY2023_DRT2_update,"Pulmonary valvar abnormality: acquired, Pulmonary regurgitation: acquired,",10.35.04,1,0,1,VALVE,,530,Pulmonary insufficiency,I37.1,FALSE,FALSE,FALSE
Drt_sl_24aug2021,"Aortic valvar abnormality: acquired,",10.36.01,0,0,,,,620,"Aortic valve, Other",I35.9,FALSE,FALSE,FALSE
Drt_sl_24aug2021,"Aortic valvar abnormality: acquired, Aortic valvar stenosis: acquired,",10.36.02,0,0,,,,560,"Aortic stenosis, Valvar",I35.0,FALSE,FALSE,FALSE
Drt_sl_24aug2021,"Aortic valvar abnormality: acquired, Aortic valvar stenosis: acquired, Aortic valvar stenosis: recurrent,",10.36.03,0,0,,,,560,"Aortic stenosis, Valvar",I35.0,FALSE,FALSE,FALSE
JULY2023_DRT2_update,"Aortic valvar abnormality: acquired, Aortic regurgitation: acquired,",10.36.04,1,0,1,VALVE,,600,Aortic insufficiency,I35.1,FALSE,FALSE,FALSE
JULY2023_DRT2_update,"Aortic valvar abnormality: acquired, Aortic regurgitation: acquired, Aortic regurgitation: recurrent,",10.36.06,1,0,1,VALVE,,600,Aortic insufficiency,I35.1,FALSE,FALSE,FALSE
Drt_sl_24aug2021,"Truncal valvar abnormality: acquired,",10.37.01,1,0,,,,160,Truncus arteriosus,I38,FALSE,FALSE,FALSE
Drt_sl_24aug2021,"Symptom-sign of heart disease, Syncope,",10.40.01,0,0,,,,2390,Syncope,R55,FALSE,FALSE,FALSE
Drt_sl_24aug2021,"Symptom-sign of heart disease, Hypotension,",10.40.30,0,0,,,,,,I95.9,FALSE,FALSE,FALSE
Drt_sl_24aug2021,"Common arterial trunk (truncus) abnormality: acquired,",10.51.01,1,0,,,,160,Truncus arteriosus,I77.8,FALSE,FALSE,FALSE
Drt_sl_24aug2021,"Traumatic injury of heart,",10.90.01,0,0,,,,,,S26,FALSE,FALSE,FALSE
Drt_sl_24aug2021,"Traumatic injury of tracheobronchial tree or lungs,",10.90.24,0,0,,,,,,J98.0,FALSE,FALSE,FALSE
Drt_sl_24aug2021,"Trauma: blunt,",10.90.41,0,0,,,,2400,"Trauma, Blunt",T14.9,FALSE,FALSE,FALSE
Drt_sl_24aug2021,"Trauma: penetrating,",10.90.42,0,0,,,,2410,"Trauma, Penetrating",T14.9,FALSE,FALSE,FALSE
Drt_sl_24aug2021,"Arrhythmia,",11.00.00,0,0,,,,,,I49.9,FALSE,FALSE,FALSE
Drt_sl_24aug2021,"Sudden Arrhythmic Death Syndrome (SADS),",11.00.11,0,0,,,,,,I46.1,FALSE,FALSE,FALSE
Drt_sl_24aug2021,"Cardiac arrest,",11.00.21,0,0,,,,,,I46.9,FALSE,FALSE,FALSE
Drt_sl_24aug2021,"Supraventricular rhythm disturbance, Supraventricular tachycardia,",11.01.00,0,0,,,,,,I47.1,FALSE,FALSE,FALSE
Drt_sl_24aug2021,"Supraventricular rhythm disturbance,",11.01.01,0,0,,,,,,I49.8,FALSE,FALSE,FALSE
Drt_sl_24aug2021,"Conduction disturbance, Sinus node dysfunction (including sick sinus),",11.02.03,0,0,,,,2460,"Arrhythmia, Atrial, Other",I49.5,FALSE,FALSE,FALSE
Drt_sl_24aug2021,"Sinus bradycardia,",11.02.04,0,0,,,,2460,"Arrhythmia, Atrial, Other",I49.8,FALSE,FALSE,FALSE
Drt_sl_24aug2021,"Sinus tachycardia,",11.02.07,0,0,,,,,,I47.1,FALSE,FALSE,FALSE
Drt_sl_24aug2021,"Vagal sinus bradycardia: bradycardia(s) of prematurity,",11.02.15,0,0,,,,2460,"Arrhythmia, Atrial, Other",I49.8,FALSE,FALSE,FALSE
Drt_sl_24aug2021,"Macroreentrant atrial tachycardia (including atrial flutter), Paroxysmal atrial tachycardia,",11.03.05,0,0,,,,,,I47.1,FALSE,FALSE,FALSE
Drt_sl_24aug2021,"Macroreentrant atrial tachycardia (including atrial flutter), Atrial flutter,",11.03.07,0,0,,,,1180,Arrhythmia,I48,FALSE,FALSE,FALSE
Drt_sl_24aug2021,"Macroreentrant atrial tachycardia (including atrial flutter), Atrial fibrillation,",11.03.08,0,0,,,,1180,Arrhythmia,I48,FALSE,FALSE,FALSE
Drt_sl_24aug2021,"Supraventricular rhythm disturbance, Ectopic atrial tachycardia,",11.03.12,0,0,,,,,,I47.1,FALSE,FALSE,FALSE
Drt_sl_24aug2021,"Macroreentrant atrial tachycardia (including atrial flutter),",11.03.13,0,0,,,,1180,Arrhythmia,I47.1,FALSE,FALSE,FALSE
Drt_sl_24aug2021,"Supraventricular rhythm disturbance, Multifocal atrial tachycardia (chaotic),",11.03.15,0,0,,,,,,I47.1,FALSE,FALSE,FALSE
Drt_sl_24aug2021,"Supraventricular rhythm disturbance, Premature atrial beats (complexes-contractions),",11.03.21,0,0,,,,,,I49.1,FALSE,FALSE,FALSE
Drt_sl_24aug2021,"Macroreentrant atrial tachycardia (including atrial flutter), Cavotricuspid isthmus dependent reentry atrial tachycardia: atrial flutter,",11.03.66,0,0,,,,1180,Arrhythmia,I49.8,FALSE,FALSE,FALSE
Drt_sl_24aug2021,"Macroreentrant atrial tachycardia (including atrial flutter), Non-cavotricuspid isthmus dependent atrial tachycardia,",11.03.67,0,0,,,,1180,Arrhythmia,I49.8,FALSE,FALSE,FALSE
Drt_sl_24aug2021,"Rhythm disturbance at level of AV junction,",11.04.00,0,0,,,,2050,"Arrhythmia, Junctional",I49.8,FALSE,FALSE,FALSE
Drt_sl_24aug2021,"Rhythm disturbance at level of AV junction, Atrioventricular junctional (nodal) tachycardia,",11.04.07,0,0,,,,2050,"Arrhythmia, Junctional",I47.1,FALSE,FALSE,FALSE
Drt_sl_24aug2021,"Rhythm disturbance at level of AV junction, Atrioventricular nodal reentry tachycardia (AVNRT),",11.04.11,0,0,,,,,,I47.1,FALSE,FALSE,FALSE
Drt_sl_24aug2021,"Rhythm disturbance at level of AV junction, Junctional ectopic tachycardia (His bundle),",11.04.42,0,0,,,,2050,"Arrhythmia, Junctional",I47.1,FALSE,FALSE,FALSE
Drt_sl_24aug2021,"Ventricular rhythm disturbance,",11.05.00,0,0,,,,2060,"Arrhythmia, Ventricular",I49.8,FALSE,FALSE,FALSE
Drt_sl_24aug2021,"Ventricular tachycardia,",11.05.06,0,0,,,,2060,"Arrhythmia, Ventricular",I47.2,FALSE,FALSE,FALSE
Drt_sl_24aug2021,"Ventricular tachycardia, Ventricular flutter,",11.05.09,0,0,,,,2060,"Arrhythmia, Ventricular",I49.0,FALSE,FALSE,FALSE
Drt_sl_24aug2021,"Ventricular tachycardia, Ventricular fibrillation,",11.05.10,0,0,,,,,,I49.0,FALSE,FALSE,FALSE
Drt_sl_24aug2021,"Ion channelopathy, Catecholaminergic polymorphic ventricular tachycardia,",11.05.17,0,0,,,,2060,"Arrhythmia, Ventricular",I47.2,FALSE,FALSE,FALSE
Drt_sl_24aug2021,"Ventricular tachycardia, Premature ventricular beats (complexes-contractions),",11.05.21,0,0,,,,2060,"Arrhythmia, Ventricular",I49.3,FALSE,FALSE,FALSE
Drt_sl_24aug2021,"Ion channelopathy, Brugada syndrome,",11.05.44,0,0,,,,2060,"Arrhythmia, Ventricular",I47.2,FALSE,FALSE,FALSE
Drt_sl_24aug2021,"Ventricular tachycardia, Non-sustained ventricular tachycardia,",11.05.50,0,0,,,,2060,"Arrhythmia, Ventricular",I47.2,FALSE,FALSE,FALSE
Drt_sl_24aug2021,"Ventricular tachycardia, Focal ventricular tachycardia,",11.05.56,0,0,,,,2060,"Arrhythmia, Ventricular",I47.2,FALSE,FALSE,FALSE
Drt_sl_24aug2021,"Ventricular tachycardia, Macroreentrant ventricular tachycardia,",11.05.57,0,0,,,,,,I47.2,FALSE,FALSE,FALSE
Drt_sl_24aug2021,"Ventricular tachycardia, Idiopathic fascicular ventricular tachycardia,",11.05.84,0,0,,,,,,I47.2,FALSE,FALSE,FALSE
Drt_sl_24aug2021,"Conduction disturbance,",11.06.00,0,0,,,,,,I45.9,FALSE,FALSE,FALSE
Drt_sl_24aug2021,"Conduction disturbance, Sinoatrial block,",11.06.01,0,0,,,,,,I45.5,FALSE,FALSE,FALSE
Drt_sl_24aug2021,"Conduction disturbance, 1st degree atrioventricular block,",11.06.02,0,0,,,,1185,"Arrhythmia, Heart block",I44.0,FALSE,FALSE,FALSE
Drt_sl_24aug2021,"Conduction disturbance, 2nd degree atrioventricular block,",11.06.03,0,0,,,,1185,"Arrhythmia, Heart block",I44.1,FALSE,FALSE,FALSE
Drt_sl_24aug2021,"Conduction disturbance, Complete atrioventricular block (3rd degree),",11.06.07,0,0,,,,1185,"Arrhythmia, Heart block",I44.2,FALSE,FALSE,FALSE
Drt_sl_24aug2021,"Conduction disturbance, Complete atrioventricular block (3rd degree), Acquired complete atrioventricular block,",11.06.10,0,0,,,,1190,"Arrhythmia, Heart block, Acquired",I44.2,FALSE,FALSE,FALSE
Drt_sl_24aug2021,"Conduction disturbance, Complete atrioventricular block (3rd degree), Congenital complete heart block,",11.06.16,1,0,,,,1200,"Arrhythmia, Heart block, Congenital",Q24.6,FALSE,FALSE,FALSE
Drt_sl_24aug2021,"Conduction disturbance, Complete right bundle branch block,",11.06.23,0,0,,,,,,I45.1,FALSE,FALSE,FALSE
Drt_sl_24aug2021,"Conduction disturbance, Complete left bundle branch block,",11.06.24,0,0,,,,1180,Arrhythmia,I44.7,FALSE,FALSE,FALSE
Drt_sl_24aug2021,"Preprocedural complete atrioventricular block,",11.06.35,0,0,,,,,,I44.2,FALSE,FALSE,FALSE
CELERMAJER2021,"AV reciprocating (reentry) tachycardia (accessory pathway mediated), AV reciprocating (reentry) tach",11.07.01,0,0,,,,,,I45.6,FALSE,FALSE,FALSE
Drt_sl_24aug2021,"AV reciprocating (reentry) tachycardia (accessory pathway mediated), Accessory pathway: retrograde conduction only (concealed: no preexcitation sinus rhythm),",11.07.06,0,0,,,,1180,Arrhythmia,I45.8,FALSE,FALSE,FALSE
Drt_sl_24aug2021,"AV reciprocating (reentry) tachycardia (accessory pathway mediated), Manifest accessory pathway,",11.07.11,0,0,,,,,,I45.6,FALSE,FALSE,FALSE
Drt_sl_24aug2021,"AV reciprocating (reentry) tachycardia (accessory pathway mediated), Permanent junctional reciprocating tachycardia (PJRT),",11.07.14,0,0,,,,1180,Arrhythmia,I47.1,FALSE,FALSE,FALSE
Drt_sl_24aug2021,"AV reciprocating (reentry) tachycardia (accessory pathway mediated), AV reciprocating (reentry) tachycardia: orthodromic,",11.07.22,0,0,,,,,,I45.6,FALSE,FALSE,FALSE
Drt_sl_24aug2021,"AV reciprocating (reentry) tachycardia (accessory pathway mediated), AV reentry (reciprocating) tachycardia: antidromic (typically wide QRS),",11.07.23,0,0,,,,1180,Arrhythmia,I45.6,FALSE,FALSE,FALSE
Drt_sl_24aug2021,"AV reciprocating (reentry) tachycardia (accessory pathway mediated), Multiple accessory pathways,",11.07.26,0,0,,,,1180,Arrhythmia,I45.6,FALSE,FALSE,FALSE
Drt_sl_24aug2021,"AV reciprocating (reentry) tachycardia (accessory pathway mediated), AV reentry (reciprocating) tachycardia: orthodromic & antidromic,",11.07.28,0,0,,,,,,I45.6,FALSE,FALSE,FALSE
Drt_sl_24aug2021,"AV reciprocating (reentry) tachycardia (accessory pathway mediated),",11.07.29,0,0,,,,,,I45.6,FALSE,FALSE,FALSE
Drt_sl_24aug2021,"Pacemaker dysfunction-complication,, Pacemaker dysfunction-complication necessitating replacement,",11.11.00,0,0,,,,,,T82.1,FALSE,FALSE,FALSE
Drt_sl_24aug2021,"Pacemaker dysfunction-complication,,",11.11.01,0,0,,,,,,T82.1,FALSE,FALSE,FALSE
Drt_sl_24aug2021,"Pacemaker dysfunction-complication,, Pacemaker battery exhaustion: end of life (EOL),",11.11.03,0,0,,,,,,T82.1,FALSE,FALSE,FALSE
Drt_sl_24aug2021,"Pacemaker dysfunction-complication,, Pacemaker-Implantable cardioverter & defibrillator (ICD) loss of capture,",11.11.17,0,0,,,,,,T82.1,FALSE,FALSE,FALSE
Drt_sl_24aug2021,"Pacemaker dysfunction-complication,, Pacemaker (atrioventricular dyssynchrony) syndrome,",11.11.21,0,0,,,,,,T82.1,FALSE,FALSE,FALSE
Drt_sl_24aug2021,"Pacemaker-implantable cardioverter & defibrillator (ICD) lead dysfunction-complication,",11.11.40,0,0,,,,,,T82.1,FALSE,FALSE,FALSE
Drt_sl_24aug2021,"Pacemaker generator site local complication,",11.11.59,0,0,,,,,,T82.9,FALSE,FALSE,FALSE
Drt_sl_24aug2021,"Implantable cardioverter & defibrillator (ICD) dysfunction-complication,",11.11.60,0,0,,,,1560,"Cardiac, Other",T82.1,FALSE,FALSE,FALSE
Drt_sl_24aug2021,"Insertable electrocardiographic (ECG) loop recorder complication,",11.11.80,0,0,,,,1560,"Cardiac, Other",T82.9,FALSE,FALSE,FALSE
Drt_sl_24aug2021,"Ion channelopathy,",11.12.00,0,0,,,,2060,"Arrhythmia, Ventricular",I47.2,FALSE,FALSE,FALSE
Drt_sl_24aug2021,"Ion channelopathy, Prolonged QT interval,",11.12.01,0,0,,,,,,I45.8,FALSE,FALSE,FALSE
Drt_sl_24aug2021,"Ion channelopathy, Long QT syndrome,",11.12.29,0,0,,,,,,I45.8,FALSE,FALSE,FALSE
Drt_sl_24aug2021,"Electrocardiographic (ECG) abnormality,",11.20.00,0,0,,,,,,R94.3,FALSE,FALSE,FALSE
Drt_sl_24aug2021,"Morphological abnormality of conduction system,",11.23.00,0,0,,,,,,Q24.8,FALSE,FALSE,FALSE
Drt_sl_24aug2021,"Fetal echocardiographic examination,",13.01.01,0,0,,,,,,,FALSE,FALSE,FALSE
Drt_sl_24aug2021,"Fetal echocardiographic examination, Transabdominal fetal echocardiographic examination,",13.01.25,0,0,,,,,,,FALSE,FALSE,FALSE
Drt_sl_24aug2021,"Fetal echocardiographic examination, Transvaginal fetal echocardiographic examination,",13.01.26,0,0,,,,,,,FALSE,FALSE,FALSE
Drt_sl_24aug2021,"Fetal echocardiographic examination, Satisfactory fetal cardiac images,",13.01.89,0,0,,,,,,,FALSE,FALSE,FALSE
Drt_sl_24aug2021,"Fetal echocardiographic examination, Inadequate fetal cardiac images,",13.01.90,0,0,,,,,,,FALSE,FALSE,FALSE
JULY2023_DRT2_update,"Chromosomal anomaly,",14.01.01,0,1,,,,7777,"Miscellaneous, Other",Q99.9,FALSE,FALSE,FALSE
JULY2023_DRT2_update,"Chromosomal anomaly, Trisomy 21: DownÃ­s syndrome,",14.01.02,0,1,,,,,,Q90.9,FALSE,FALSE,FALSE
JULY2023_DRT2_update,"Chromosomal anomaly, Trisomy 18: Edwards' syndrome,",14.01.03,0,1,,,,7777,"Miscellaneous, Other",Q91.3,FALSE,FALSE,FALSE
JULY2023_DRT2_update,"Chromosomal anomaly, Trisomy 13: Patau's syndrome,",14.01.04,0,1,,,,,,Q91.7,FALSE,FALSE,FALSE
JULY2023_DRT2_update,"Chromosomal anomaly, 45XO: TurnerÃ­s syndrome,",14.01.05,0,1,,,,,,Q96,FALSE,FALSE,FALSE
JULY2023_DRT2_update,"Chromosomal anomaly, 22q11 microdeletion,",14.01.21,0,1,,,,7777,"Miscellaneous, Other",Q93.8,FALSE,FALSE,FALSE
JULY2023_DRT2_update,"Syndrome-association potentially with cardiac involvement,",14.02.00,0,1,,,,,,Q87.8,FALSE,FALSE,FALSE
JULY2023_DRT2_update,"Chromosomal anomaly, 22q11 microdeletion, 22q11 microdeletion with full DiGeorge sequence (including immune dysfunction),",14.02.06,0,1,,,,7777,"Miscellaneous, Other",D82.1,FALSE,FALSE,FALSE
JULY2023_DRT2_update,"Hereditary disorder potentially with associated heart disease, FriedreichÃ­s ataxia,",14.02.10,0,1,,,,,,G11.1,FALSE,FALSE,FALSE
JULY2023_DRT2_update,"Hereditary disorder potentially with associated heart disease, Marfan syndrome,",14.02.17,0,1,1,GENE_SPECIFIC,"09.16.09, 10.14.40, 10.14.42, 10.14.43, 10.14.44, 10.14.50, 10.14.51, 09.28.16, 06.02.35",,,Q87.4,FALSE,FALSE,FALSE
JULY2023_DRT2_update,"Hereditary disorder potentially with associated heart disease, Noonan syndrome,",14.02.19,0,1,,,,,,Q87.1,FALSE,FALSE,FALSE
JULY2023_DRT2_update,"Hereditary disorder potentially with associated heart disease, PompeÃ­s disease: glycogen storage disease type IIa,",14.02.21,0,1,,,,,,E74.0,FALSE,FALSE,FALSE
JULY2023_DRT2_update,"Hereditary disorder potentially with associated heart disease, Tuberous sclerosis,",14.02.28,0,1,,,,,,Q85.1,FALSE,FALSE,FALSE
JULY2023_DRT2_update,"Hereditary disorder potentially with associated heart disease, Williams syndrome (infantile hypercalcaemia),",14.02.30,0,1,1,GENE_SPECIFIC,"09.16.00, 10.14.77, 09.10.01, 09.10.06, 09.10.07, 09.10.25, 09.10.26",7777,"Miscellaneous, Other",Q93.8,FALSE,FALSE,FALSE
JULY2023_DRT2_update,"Fetal rubella syndrome,",14.02.32,0,0,,,,,,P35.0,FALSE,FALSE,FALSE
JULY2023_DRT2_update,"Hereditary disorder potentially with associated heart disease, DuchenneÃ­s muscular dystrophy,",14.02.34,0,1,,,,,,G71.0,FALSE,FALSE,FALSE
JULY2023_DRT2_update,"Hereditary disorder potentially with associated heart disease, Muscular dystrophy,",14.02.58,0,1,,,,,,G71.0,FALSE,FALSE,FALSE
JULY2023_DRT2_update,"Hereditary disorder potentially with associated heart disease, Ehlers-Danlos syndrome,",14.02.62,0,1,,,,,,Q79.6,FALSE,FALSE,FALSE
JULY2023_DRT2_update,"Hereditary disorder potentially with associated heart disease, Alagille syndrome: arteriohepatic dysplasia,",14.02.66,0,1,,,,7777,"Miscellaneous, Other",Q44.7,FALSE,FALSE,FALSE
Drt_sl_24aug2021,"Noncardiac abnormality potentially with associated heart disease,",14.03.00,0,0,,,,,,Q89.9,FALSE,FALSE,FALSE
Drt_sl_24aug2021,"Non-cardiothoracic-vascular abnormality,",14.03.04,0,0,,,,,,Q89.8,FALSE,FALSE,FALSE
Drt_sl_24aug2021,"Psychomotor developmental delay,",14.03.05,0,0,,,,,,F79,FALSE,FALSE,FALSE
Drt_sl_24aug2021,"Cystic fibrosis,",14.03.06,0,0,,,,1570,"Thoracic and/or mediastinal, Other",E84.9,FALSE,FALSE,FALSE
Drt_sl_24aug2021,"Major anomaly of gastrointestinal system, Congenital diaphragmatic hernia,",14.03.07,0,0,,,,1550,"Diaphragm disease, Other",Q79.0,FALSE,FALSE,FALSE
Drt_sl_24aug2021,"Major anomaly of gastrointestinal system, Tracheo-oesophageal fistula,",14.03.08,0,0,,,,1170,"Airway disease, Other",Q39.2,FALSE,FALSE,FALSE
Drt_sl_24aug2021,"Gastro-oesophageal reflux disease (GORD),",14.03.09,0,0,,,,1490,"Esophageal disease, Benign",Q40.8,FALSE,FALSE,FALSE
Drt_sl_24aug2021,"Major anomaly of gastrointestinal system, Omphalocoele,",14.03.10,0,0,,,,,,Q79.2,FALSE,FALSE,FALSE
Drt_sl_24aug2021,"Major anomaly of gastrointestinal system, Duodenal stenosis/atresia,",14.03.11,0,0,,,,,,Q41.0,FALSE,FALSE,FALSE
JULY2023_DRT2_update,"Sickle cell disease,",14.03.21,0,1,,,,,,D57,FALSE,FALSE,FALSE
Drt_sl_24aug2021,"Renal abnormality,",14.03.23,0,0,,,,,,Q64.9,FALSE,FALSE,FALSE
Drt_sl_24aug2021,"Congenital coagulation disorder,",14.03.28,0,0,,,,,,D68.8,FALSE,FALSE,FALSE
Drt_sl_24aug2021,"Thoracic-mediastinal abnormality,",14.03.29,0,0,,,,,,Q89.8,FALSE,FALSE,FALSE
Drt_sl_24aug2021,"Microcephaly,",14.03.33,0,0,,,,,,Q02,FALSE,FALSE,FALSE
Drt_sl_24aug2021,"Cerebrovascular accident (stroke),",14.03.42,0,0,,,,7777,"Miscellaneous, Other",I64,FALSE,FALSE,FALSE
Drt_sl_24aug2021,"Transient ischaemic attack: less than 24 hours (TIA),",14.03.44,0,0,,,,7777,"Miscellaneous, Other",G45.9,FALSE,FALSE,FALSE
Drt_sl_24aug2021,"Choanal atresia,",14.03.47,0,0,,,,1570,"Thoracic and/or mediastinal, Other",Q30.0,FALSE,FALSE,FALSE
Drt_sl_24aug2021,"Tracheobronchial malacia,",14.03.49,0,0,,,,1570,"Thoracic and/or mediastinal, Other",J98.0,FALSE,FALSE,FALSE
Drt_sl_24aug2021,"Hypothyroidism,",14.03.52,0,0,,,,,,E03.9,FALSE,FALSE,FALSE
Drt_sl_24aug2021,"Obesity (Body Mass Index over 30),",14.03.59,0,0,,,,,,E66.9,FALSE,FALSE,FALSE
Drt_sl_24aug2021,"Anoxic-ischaemic encephalopathy,",14.03.72,0,0,,,,,,G93.1,FALSE,FALSE,FALSE
Drt_sl_24aug2021,"Hyperthyroidism,",14.03.75,0,0,,,,,,E05.9,FALSE,FALSE,FALSE
Drt_sl_24aug2021,"Diabetes mellitus,",14.03.90,0,0,,,,7777,"Miscellaneous, Other",E14,FALSE,FALSE,FALSE
Drt_sl_24aug2021,"Cerebral anomaly,",14.03.91,0,0,,,,,,Q04.9,FALSE,FALSE,FALSE
Drt_sl_24aug2021,"Connective tissue disease,",14.03.92,0,0,,,,7777,"Miscellaneous, Other",M35.9,FALSE,FALSE,FALSE
Drt_sl_24aug2021,"Reversible ischaemic neurologic deficit: 24-72 hours (RIND),",14.03.97,0,0,,,,,,G45.8,FALSE,FALSE,FALSE
Drt_sl_24aug2021,"Anterior chest wall (pectus) deformity, Pectus carinatum,",14.04.04,0,0,,,,2220,Pectus carinatum,Q67.7,FALSE,FALSE,FALSE
Drt_sl_24aug2021,"Anterior chest wall (pectus) deformity, Pectus excavatum,",14.04.05,0,0,,,,2230,Pectus excavatum,Q67.6,FALSE,FALSE,FALSE
Drt_sl_24aug2021,"Kyphoscoliosis,",14.04.09,0,0,,,,1570,"Thoracic and/or mediastinal, Other",Q67.5,FALSE,FALSE,FALSE
Drt_sl_24aug2021,"Cleft lip or palate,",14.04.12,0,0,,,,,,Q37,FALSE,FALSE,FALSE
Drt_sl_24aug2021,"Anterior chest wall (pectus) deformity,",14.04.14,0,0,,,,,,Q67.8,FALSE,FALSE,FALSE
Drt_sl_24aug2021,"Migraine,",14.04.46,0,0,,,,,,G43.9,FALSE,FALSE,FALSE
Drt_sl_24aug2021,"Diver's decompression sickness,",14.04.47,0,0,,,,,,T70.3,FALSE,FALSE,FALSE
Drt_sl_24aug2021,"Smoking: tobacco use,",14.04.70,0,0,,,,,,Z72.0,FALSE,FALSE,FALSE
JULY2023_DRT2_update,"Hereditary disorder potentially with associated heart disease, Loeys-Dietz Syndrome (transforming growth factor beta receptor (TGFBR) gene mutation),",14.04.85,0,1,1,GENE_SPECIFIC,"09.16.09, 10.14.40, 10.14.42, 10.14.43, 10.14.44, 10.14.50, 10.14.51, 09.28.16, 06.02.35",,,Q79.6,FALSE,FALSE,FALSE
Drt_sl_24aug2021,"Von Willebrand disease,",14.04.90,0,0,,,,,,D68.0,FALSE,FALSE,FALSE
Drt_sl_24aug2021,"Diabetes mellitus, Diabetes mellitus: requiring insulin,",14.04.94,0,0,,,,,,E14,FALSE,FALSE,FALSE
Drt_sl_24aug2021,"Diabetes mellitus, Diabetes mellitus: on oral therapy,",14.04.95,0,0,,,,,,E14,FALSE,FALSE,FALSE
Drt_sl_24aug2021,"Diabetes mellitus, Diabetes mellitus: managed with diet alone,",14.04.96,0,0,,,,,,E14,FALSE,FALSE,FALSE
Drt_sl_24aug2021,"Maternal teratogen or disease potentially associated with congenital heart disease,",14.05.00,0,0,,,,,,Q86.8,FALSE,FALSE,FALSE
Drt_sl_24aug2021,"Maternal teratogen associated with congenital heart disease,",14.05.01,1,0,,,,,,Q86.8,FALSE,FALSE,FALSE
Drt_sl_24aug2021,"Maternally derived fetal disease or syndrome potentially with associated heart disease,",14.05.40,0,0,,,,,,P96.9,FALSE,FALSE,FALSE
Drt_sl_24aug2021,"Fetal infection,",14.05.41,0,0,,,,,,P39.9,FALSE,FALSE,FALSE
Drt_sl_24aug2021,"Major anomaly of gastrointestinal system,",14.05.50,0,0,,,,,,Q43.9,FALSE,FALSE,FALSE
Drt_sl_24aug2021,"Meningitis,",14.05.65,0,0,,,,,,G03.9,FALSE,FALSE,FALSE
Drt_sl_24aug2021,"Multiple congenital malformations,",14.06.01,0,0,,,,,,Q89.7,FALSE,FALSE,FALSE
Drt_sl_24aug2021,"Fetal cardiac abnormality not detected,",14.10.00,0,0,,,,,,,FALSE,FALSE,FALSE
Drt_sl_24aug2021,"Fetal abnormality,",14.10.01,0,0,,,,,,O35.9,FALSE,FALSE,FALSE
Drt_sl_24aug2021,"Fetal abnormality, Fetal hydrops,",14.10.02,0,0,,,,,,P83.2,FALSE,FALSE,FALSE
Drt_sl_24aug2021,"Fetal abnormality, Fetal arrhythmia,",14.10.06,0,0,,,,,,O35.8,FALSE,FALSE,FALSE
JULY2023_DRT2_update,"Fetal echocardiographic abnormality, Fetal unexplained right heart dominance,",14.10.07,0,0,,,,,,O28.3,FALSE,FALSE,FALSE
Drt_sl_24aug2021,"Fetal echocardiographic abnormality, Fetal echogenic focus ('golf ball'),",14.10.08,0,0,,,,,,O28.3,FALSE,FALSE,FALSE
Drt_sl_24aug2021,"Fetal abnormality, Twin-to-twin transfusion syndrome,",14.10.11,0,0,,,,,,P02.3,FALSE,FALSE,FALSE
Drt_sl_24aug2021,"Fetal abnormality, Increased nuchal thickness,",14.10.12,0,0,,,,,,O28.3,FALSE,FALSE,FALSE
JULY2023_DRT2_update,"Fetal echocardiographic abnormality,",14.10.25,0,0,,,,,,O28.3,FALSE,FALSE,FALSE
JULY2023_DRT2_update,"Fetal echocardiographic abnormality, Fetal venous Doppler flow(s) abnormal for gestational age,",14.10.26,0,0,,,,,,O28.3,FALSE,FALSE,FALSE
JULY2023_DRT2_update,"Fetal progression of right ventricular outflow tract obstruction,",14.10.27,0,0,,,,,,O28.3,FALSE,FALSE,FALSE
JULY2023_DRT2_update,"Fetal progression of left ventricular outflow tract obstruction,",14.10.28,0,0,,,,,,O28.3,FALSE,FALSE,FALSE
Drt_sl_24aug2021,"Fetal abnormality, Intrauterine growth restriction (retardation),",14.10.34,0,0,,,,,,P05.9,FALSE,FALSE,FALSE
JULY2023_DRT2_update,"Fetal echocardiographic abnormality, Fetal unexplained left heart dominance,",14.10.45,0,0,,,,,,O28.3,FALSE,FALSE,FALSE
JULY2023_DRT2_update,"Fetal echocardiographic abnormality, Fetal abnormal 4 chamber view,",14.10.52,0,0,,,,,,O28.3,FALSE,FALSE,FALSE
JULY2023_DRT2_update,"Fetal echocardiographic abnormality, Fetal abnormal great arterial view,",14.10.53,0,0,,,,,,O28.3,FALSE,FALSE,FALSE
JULY2023_DRT2_update,"Fetal echocardiographic abnormality, Fetal structural heart abnormality,",14.10.60,0,0,,,,,,O28.3,FALSE,FALSE,FALSE
JULY2023_DRT2_update,"Fetal failure of right ventricular growth,",14.10.90,0,0,,,,,,O28.3,FALSE,FALSE,FALSE
JULY2023_DRT2_update,"Fetal failure of left ventricular growth,",14.10.91,0,0,,,,,,O28.3,FALSE,FALSE,FALSE
Drt_sl_24aug2021,"Fetal abnormality, Fetal cardiomegaly,",14.10.95,0,0,,,,1560,"Cardiac, Other",O28.3,FALSE,FALSE,FALSE
Drt_sl_24aug2021,"Fetal abnormality, Fetal heart failure,",14.10.98,0,0,,,,1560,"Cardiac, Other",O28.3,FALSE,FALSE,FALSE
Drt_sl_24aug2021,"Fetal abnormality, Fetal heart failure due to extracardiac disease,",14.10.99,0,0,,,,1560,"Cardiac, Other",O28.3,FALSE,FALSE,FALSE
Drt_sl_24aug2021,"Fetal echocardiographic abnormality, Fetal arterial Doppler flow(s) abnormal for gestational age,",14.11.40,0,0,,,,,,O28.3,FALSE,FALSE,FALSE
JULY2023_DRT2_update,"Fetal echocardiographic abnormality, Fetal aortic arch flow abnormal for gestational age,",14.11.41,0,0,,,,,,O28.3,FALSE,FALSE,FALSE
JULY2023_DRT2_update,"Fetal echocardiographic abnormality, Fetal reversal of aortic arch blood flow for gestational age,",14.11.42,0,0,,,,1560,"Cardiac, Other",O28.3,FALSE,FALSE,FALSE
JULY2023_DRT2_update,"Fetal echocardiographic abnormality, Fetal ductal arch flow abnormal for gestational age,",14.11.43,0,0,,,,,,O28.3,FALSE,FALSE,FALSE
JULY2023_DRT2_update,"Fetal echocardiographic abnormality, Fetal reversal of ductal arch blood flow for gestational age,",14.11.44,0,0,,,,1560,"Cardiac, Other",O28.3,FALSE,FALSE,FALSE
Drt_sl_24aug2021,"Fetal heart muscle abnormality,",14.11.80,0,0,,,,,,I42.9,FALSE,FALSE,FALSE
Drt_sl_24aug2021,"Fetal cardiomyopathy,",14.11.81,0,0,,,,,,I42.9,FALSE,FALSE,FALSE
Drt_sl_24aug2021,"Fetal ventricular dysfunction,",14.11.87,0,0,,,,,,I51.8,FALSE,FALSE,FALSE
Drt_sl_24aug2021,"Fetal abnormality, Fetal fluid retention,",14.12.20,0,0,,,,,,P83.3,FALSE,FALSE,FALSE
Drt_sl_24aug2021,"Abnormal fetal Cardiovascular Profile Score (Huhta),",14.13.52,0,0,,,,1560,"Cardiac, Other",O28.3,FALSE,FALSE,FALSE
Drt_sl_24aug2021,"Superior caval vein (SVC) abnormality: acquired, Postprocedural superior caval vein (SVC) complication,",15.04.01,0,0,,,,270,Systemic venous anomaly,I87.9,FALSE,FALSE,FALSE
Drt_sl_24aug2021,"Inferior caval vein (IVC) abnormality - acquired, Postprocedural inferior caval vein (IVC) complication,",15.04.05,0,0,,,,270,Systemic venous anomaly,I87.9,FALSE,FALSE,FALSE
Drt_sl_24aug2021,"Postprocedural major vein complication, Postprocedural femoral vein complication,",15.04.15,0,0,,,,,,I87.9,FALSE,FALSE,FALSE
Drt_sl_24aug2021,"Postprocedural major vein complication,",15.04.34,0,0,,,,270,Systemic venous anomaly,I87.9,FALSE,FALSE,FALSE
Drt_sl_24aug2021,"Pulmonary venous abnormality: acquired, Postprocedural pulmonary vein complication,",15.05.01,0,0,,,,1560,"Cardiac, Other",I28.9,FALSE,FALSE,FALSE
Drt_sl_24aug2021,"Pulmonary venous abnormality: acquired, Pulmonary venous obstruction,",15.05.03,0,0,,,,,,I28.8,FALSE,FALSE,FALSE
Drt_sl_24aug2021,"Right atrial abnormality: acquired,",15.10.10,0,0,,,,,,I51.8,FALSE,FALSE,FALSE
Drt_sl_24aug2021,"Right atrial abnormality: acquired, Postprocedural right atrial complication,",15.10.11,0,0,,,,,,I97.8,FALSE,FALSE,FALSE
JULY2023_DRT2_update,"Right atrial abnormality: acquired, Obstruction of right atrial conduit (including total cavopulmonary connection),",15.10.13,1,0,,,,,,T82.8,FALSE,FALSE,FALSE
Drt_sl_24aug2021,"Left atrial abnormality: acquired,",15.10.20,0,0,,,,,,I51.8,FALSE,FALSE,FALSE
Drt_sl_24aug2021,"Left atrial abnormality: acquired, Postprocedural left atrial complication,",15.10.21,0,0,,,,,,I97.8,FALSE,FALSE,FALSE
Drt_sl_24aug2021,"Atrial septum abnormality: acquired, Postprocedural atrial septum complication,",15.10.61,0,0,,,,1560,"Cardiac, Other",I97.8,FALSE,FALSE,FALSE
JULY2023_DRT2_update,"Atrial septum abnormality: acquired, Residual interatrial communication ('ASD'),",15.10.63,1,0,,,,,,Q21.1,FALSE,FALSE,FALSE
Drt_sl_24aug2021,"Ineffective balloon atrial septostomy,",15.10.66,1,0,,,,,,I97.8,FALSE,FALSE,FALSE
Drt_sl_24aug2021,"Atrial septum abnormality: acquired, Postoperative interatrial communication,",15.10.79,0,0,,,,2150,"ASD, Postoperative interatrial communication",I51.0,FALSE,FALSE,FALSE
Drt_sl_24aug2021,"Tricuspid valvar abnormality: acquired, Postprocedural tricuspid valvar complication,",15.11.00,0,0,,,,,,I36.9,FALSE,FALSE,FALSE
JULY2023_DRT2_update,"Tricuspid valvar abnormality: acquired, Residual tricuspid regurgitation,",15.11.03,1,0,1,VALVE,,,,Q22.8,FALSE,FALSE,FALSE
Drt_sl_24aug2021,"Tricuspid valvar abnormality: acquired, Tricuspid valvar prosthesis complication,",15.11.08,0,0,,,,410,"Tricuspid valve, Other",T82.0,FALSE,FALSE,FALSE
Drt_sl_24aug2021,"Mitral valvar abnormality: acquired, Postprocedural mitral valvar complication,",15.12.00,0,0,,,,,,I34.9,FALSE,FALSE,FALSE
Drt_sl_24aug2021,"Mitral valvar abnormality: acquired, Residual mitral valvar stenosis,",15.12.01,0,0,,,,,,Q23.2,FALSE,FALSE,FALSE
JULY2023_DRT2_update,"Mitral valvar abnormality: acquired, Residual mitral regurgitation,",15.12.03,1,0,1,VALVE,,,,Q23.3,FALSE,FALSE,FALSE
Drt_sl_24aug2021,"Mitral valvar abnormality: acquired, Mitral valvar prosthesis complication,",15.12.09,0,0,,,,,,T82.0,FALSE,FALSE,FALSE
Drt_sl_24aug2021,"Atrioventricular valvar abnormality in atrioventricular septal defect (AVSD): acquired, Residual common atrioventricular valvar regurgitation,",15.13.02,1,0,,,,,,Q24.8,FALSE,FALSE,FALSE
Drt_sl_24aug2021,"Atrioventricular valvar abnormality in atrioventricular septal defect (AVSD): acquired, Postprocedural right atrioventricular valvar complication,",15.14.00,1,0,,,,,,I36.9,FALSE,FALSE,FALSE
Drt_sl_24aug2021,"Atrioventricular valvar abnormality in atrioventricular septal defect (AVSD): acquired, Postprocedural left atrioventricular valvar complication,",15.15.00,1,0,,,,,,I34.9,FALSE,FALSE,FALSE
Drt_sl_24aug2021,"Postprocedural atrioventricular septal defect complication,",15.16.00,1,0,,,,,,Q21.2,FALSE,FALSE,FALSE
Drt_sl_24aug2021,"Postprocedural atrioventricular septal defect complication, Residual ventricular component of atrioventricular septal defect,",15.16.02,1,0,,,,,,Q21.2,FALSE,FALSE,FALSE
Drt_sl_24aug2021,"Right ventricular abnormality: acquired, Postprocedural right ventricular complication,",15.20.01,0,0,,,,,,I97.8,FALSE,FALSE,FALSE
Drt_sl_24aug2021,"Postprocedural right ventricular outflow tract complication,",15.20.21,0,0,,,,,,I51.8,FALSE,FALSE,FALSE
Drt_sl_24aug2021,"Right ventricular outflow tract obstruction: acquired, Residual right ventricular outflow tract obstruction,",15.20.23,0,0,,,,,,Q24.8,FALSE,FALSE,FALSE
JULY2023_DRT2_update,"Right ventricular outflow tract obstruction: acquired, Aneurysm of right ventricular outflow tract patch,",15.20.25,1,0,,,,,,T82.8,FALSE,FALSE,FALSE
JULY2023_DRT2_update,"Subaortic stenosis: acquired, Residual subaortic stenosis in functionally univentricular heart,",15.20.75,1,0,,,,,,I51.8,FALSE,FALSE,FALSE
JULY2023_DRT2_update,"Subpulmonary stenosis: acquired, Residual subpulmonary stenosis in functionally univentricular heart,",15.20.76,1,0,,,,,,I51.8,FALSE,FALSE,FALSE
Drt_sl_24aug2021,"Left ventricular abnormality: acquired, Postprocedural left ventricular complication,",15.21.01,0,0,,,,,,I97.8,FALSE,FALSE,FALSE
Drt_sl_24aug2021,"Postprocedural left ventricular outflow tract complication,",15.21.21,0,0,,,,,,I51.8,FALSE,FALSE,FALSE
Drt_sl_24aug2021,"Postprocedural left ventricular outflow tract complication, Residual left ventricular outflow tract obstruction,",15.21.22,1,0,,,,,,Q24.8,FALSE,FALSE,FALSE
JULY2023_DRT2_update,"Abnormality associated with ventricular septum: acquired, Residual ventricular septal defect (VSD),",15.22.02,1,0,,,,,,Q21.0,FALSE,FALSE,FALSE
Drt_sl_24aug2021,"Postprocedural systemic arterial complication,",15.24.00,0,0,,,,,,I97.8,FALSE,FALSE,FALSE
Drt_sl_24aug2021,"Truncal valvar abnormality: acquired, Residual truncal regurgitation,",15.25.03,1,0,,,,,,Q24.8,FALSE,FALSE,FALSE
Drt_sl_24aug2021,"Common arterial trunk (truncus) abnormality: acquired, Postprocedural common arterial trunk complication,",15.25.31,1,0,,,,160,Truncus arteriosus,I97.8,FALSE,FALSE,FALSE
Drt_sl_24aug2021,"Pulmonary valvar abnormality: acquired, Postprocedural pulmonary valvar complication,",15.30.00,0,0,,,,,,I37.9,FALSE,FALSE,FALSE
Drt_sl_24aug2021,"Pulmonary valvar abnormality: acquired, Residual pulmonary valvar stenosis,",15.30.01,0,0,,,,510,"Pulmonary valve, Other",Q22.1,FALSE,FALSE,FALSE
JULY2023_DRT2_update,"Pulmonary valvar abnormality: acquired, Residual pulmonary regurgitation,",15.30.03,1,0,1,VALVE,,510,"Pulmonary valve, Other",Q22.2,FALSE,FALSE,FALSE
Drt_sl_24aug2021,"Pulmonary valvar abnormality: acquired, Pulmonary valvar prosthesis complication,",15.30.08,0,0,,,,,,T82.0,FALSE,FALSE,FALSE
Drt_sl_24aug2021,"Pulmonary arterial disease: acquired, Postprocedural pulmonary trunk complication,",15.32.01,0,0,,,,,,I28.8,FALSE,FALSE,FALSE
Drt_sl_24aug2021,"Pulmonary arterial disease: acquired, Postprocedural right pulmonary artery complication,",15.32.21,0,0,,,,,,I28.8,FALSE,FALSE,FALSE
Drt_sl_24aug2021,"Pulmonary arterial disease: acquired, Residual right pulmonary artery stenosis,",15.32.23,0,0,,,,,,Q25.6,FALSE,FALSE,FALSE
Drt_sl_24aug2021,"Pulmonary arterial disease: acquired, Postprocedural left pulmonary artery complication,",15.32.41,0,0,,,,,,I28.8,FALSE,FALSE,FALSE
JULY2023_DRT2_update,"Pulmonary arterial disease: acquired, Residual left pulmonary artery stenosis,",15.32.43,1,0,,,,,,Q25.6,FALSE,FALSE,FALSE
Drt_sl_24aug2021,"Aortic valvar abnormality: acquired, Postprocedural aortic valvar complication,",15.35.00,0,0,,,,,,I35.9,FALSE,FALSE,FALSE
Drt_sl_24aug2021,"Aortic valvar abnormality: acquired, Residual aortic valvar stenosis,",15.35.01,0,0,,,,620,"Aortic valve, Other",Q23.0,FALSE,FALSE,FALSE
JULY2023_DRT2_update,"Aortic valvar abnormality: acquired, Residual aortic regurgitation,",15.35.03,1,0,1,VALVE,,620,"Aortic valve, Other",Q23.1,FALSE,FALSE,FALSE
Drt_sl_24aug2021,"Aortic valvar abnormality: acquired, Aortic valvar prosthesis complication,",15.35.08,0,0,,,,,,T82.0,FALSE,FALSE,FALSE
Drt_sl_24aug2021,"Abnormality of aorta: acquired, Postprocedural ascending aorta complication,",15.36.01,0,0,,,,,,I77.8,FALSE,FALSE,FALSE
Drt_sl_24aug2021,"Abnormality of aorta: acquired, Postprocedural descending aorta complication,",15.37.01,0,0,,,,,,I77.8,FALSE,FALSE,FALSE
JULY2023_DRT2_update,"Abnormality of aorta: acquired, Residual aortic coarctation,",15.37.05,1,0,,,,990,Coarctation of aorta,Q25.1,FALSE,FALSE,FALSE
JULY2023_DRT2_update,"Abnormality of aorta: acquired, Postprocedural aneurysm of aorta at coarctation site,",15.37.07,1,0,,,,1110,Aortic aneurysm (including pseudoaneurysm),I71.2,FALSE,FALSE,FALSE
Drt_sl_24aug2021,"Abnormality of aorta: acquired, Postprocedural aortic complication,",15.37.73,0,0,,,,1560,"Cardiac, Other",I77.8,FALSE,FALSE,FALSE
Drt_sl_24aug2021,"Abnormality of aorta: acquired, Postprocedural aortic aneurysm,",15.37.80,0,0,,,,1560,"Cardiac, Other",I71.2,FALSE,FALSE,FALSE
Drt_sl_24aug2021,"Arterial duct (ductus arteriosus) abnormality: acquired, Postprocedural arterial duct complication,",15.39.01,1,0,,,,1080,Patent ductus arteriosus,I77.8,FALSE,FALSE,FALSE
Drt_sl_24aug2021,"Arterial duct (ductus arteriosus) abnormality: acquired, Residual arterial duct (PDA) patency,",15.39.02,1,0,,,,1080,Patent ductus arteriosus,Q25.0,FALSE,FALSE,FALSE
Drt_sl_24aug2021,"Postprocedural systemic-to-pulmonary collateral artery complication,",15.39.50,1,0,,,,,,I77.8,FALSE,FALSE,FALSE
Drt_sl_24aug2021,"Acquired coronary arterial disease, Postprocedural coronary arterial complication,",15.41.00,0,0,,,,,,I77.8,FALSE,FALSE,FALSE
Drt_sl_24aug2021,"Complication after heart or lung transplant, Cardiac transplant associated coronary allograft vasculopathy,",15.41.13,0,0,,,,1050,"Coronary artery anomaly, Other",I25.1,FALSE,FALSE,FALSE
Drt_sl_24aug2021,"Acquired coronary arterial disease, Postprocedural coronary artery bypass graft (CABG) complication,",15.41.39,0,0,,,,,,T82.8,FALSE,FALSE,FALSE
Drt_sl_24aug2021,"Complication following arrhythmia related procedure,",15.51.00,0,0,,,,,,T81.8,FALSE,FALSE,FALSE
JULY2023_DRT2_update,"Cardiac conduit complication,",15.55.00,1,0,,,,520,Conduit failure,T82.9,FALSE,FALSE,FALSE
CELERMAJER2021,"Cardiac conduit complication, Cardiac conduit failure,",15.55.16,1,0,,,,520,Conduit failure,T82.5,FALSE,FALSE,FALSE
Drt_sl_24aug2021,"Pulmonary autograft failure,",15.55.24,1,0,,,,,,T82.8,FALSE,FALSE,FALSE
Drt_sl_24aug2021,"Systemic-to-pulmonary arterial shunt complication,",15.56.00,1,0,,,,,,T82.9,FALSE,FALSE,FALSE
Drt_sl_24aug2021,"Systemic-to-pulmonary arterial shunt complication, Systemic-to-pulmonary arterial shunt partial obstruction,",15.56.01,1,0,,,,,,T82.5,FALSE,FALSE,FALSE
Drt_sl_24aug2021,"Systemic-to-pulmonary arterial shunt complication, Systemic-to-pulmonary arterial shunt complete obstruction,",15.56.02,1,0,,,,,,T82.5,FALSE,FALSE,FALSE
Drt_sl_24aug2021,"Systemic-to-pulmonary arterial shunt failure,",15.56.21,1,0,,,,,,T82.9,FALSE,FALSE,FALSE
Drt_sl_24aug2021,"Kidney failure,",15.82.10,0,0,,,,7777,"Miscellaneous, Other",N19,FALSE,FALSE,FALSE
Drt_sl_24aug2021,"Pericardial abnormality: acquired, Pericardial effusion, Pericardial effusion requiring drainage,",15.83.00,0,0,,,,,,I31.3,FALSE,FALSE,FALSE
Drt_sl_24aug2021,"'Failed' Fontan type circulation,",15.90.60,1,0,,,,,,T81.8,FALSE,FALSE,TRUE
Drt_sl_24aug2021,"Complication after heart or lung transplant,",15.95.00,0,0,,,,,,I97.9,FALSE,FALSE,FALSE
Drt_sl_24aug2021,"Complication after heart or lung transplant, Lymphoproliferative disease following transplantation,",15.95.03,0,0,,,,,,C88.9,FALSE,FALSE,FALSE
Drt_sl_24aug2021,"Complication after heart or lung transplant, Post-lung transplant obliterative bronchiolitis,",15.95.64,0,0,,,,1600,"Status post - Transplant, Lung(s)",J44.8,FALSE,FALSE,FALSE
Drt_sl_24aug2021,"Complication after heart or lung transplant, Lung disease in lung transplant rejection,",15.95.66,0,0,,,,1600,"Status post - Transplant, Lung(s)",T86.3,FALSE,FALSE,FALSE
Drt_sl_24aug2021,"Pneumothorax,",16.01.01,0,0,,,,1450,Pneumothorax,J93.9,FALSE,FALSE,FALSE
Drt_sl_24aug2021,"Pleural effusion,",16.01.04,0,0,,,,1460,Pleural effusion,J90,FALSE,FALSE,FALSE
Drt_sl_24aug2021,"Chylothorax,",16.01.07,0,0,,,,,,J94.0,FALSE,FALSE,FALSE
Drt_sl_24aug2021,"Empyema,",16.01.11,0,0,,,,,,J86,FALSE,FALSE,FALSE
Drt_sl_24aug2021,"Pleural disease: benign,",16.01.21,0,0,,,,1430,"Pleural disease, Benign",D15.7,FALSE,FALSE,FALSE
Drt_sl_24aug2021,"Pleural disease: malignant,",16.01.22,0,0,,,,1440,"Pleural disease, Malignant",C38.4,FALSE,FALSE,FALSE
Drt_sl_24aug2021,"Bronchial fistula,",16.02.00,0,0,,,,,,J86.0,FALSE,FALSE,FALSE
Drt_sl_24aug2021,"Lung disease: benign,",16.03.01,0,0,,,,1130,"Lung disease, Benign",D14.3,FALSE,FALSE,FALSE
Drt_sl_24aug2021,"Lower respiratory tract infection,",16.03.02,0,0,,,,,,J98.8,FALSE,FALSE,FALSE
Drt_sl_24aug2021,"Lung disease,",16.03.05,0,0,,,,,,J98.4,FALSE,FALSE,FALSE
Drt_sl_24aug2021,"Asthma,",16.03.10,0,0,,,,1570,"Thoracic and/or mediastinal, Other",J45.9,FALSE,FALSE,FALSE
Drt_sl_24aug2021,"Lung disease: malignant,",16.03.21,0,0,,,,,,C34.9,FALSE,FALSE,FALSE
Drt_sl_24aug2021,"Mediastinal disease: benign,",16.05.11,0,0,,,,1510,"Mediastinal disease, Benign",D15.2,FALSE,FALSE,FALSE
Drt_sl_24aug2021,"Mediastinal disease: malignant,",16.05.12,0,0,,,,1520,"Mediastinal disease, Malignant",C38.3,FALSE,FALSE,FALSE
Drt_sl_24aug2021,"Mediastinal disease,",16.05.13,0,0,,,,,,J98.5,FALSE,FALSE,FALSE
Drt_sl_24aug2021,"Acquired bronchial disease,",16.08.00,0,0,,,,,,J98.0,FALSE,FALSE,FALSE
Drt_sl_24aug2021,"Airway disease,",16.09.00,0,0,,,,,,J98.8,FALSE,FALSE,FALSE
Drt_sl_24aug2021,"Tracheal stenosis,",16.10.01,0,0,,,,1160,Tracheal stenosis,J39.8,FALSE,FALSE,FALSE
Drt_sl_24aug2021,"Tracheal disease,",16.10.09,0,0,,,,1170,"Airway disease, Other",J39.8,FALSE,FALSE,FALSE
Drt_sl_24aug2021,"Thoracic outlet syndrome,",16.12.08,0,0,,,,2240,Thoracic outlet syndrome,G54.0,FALSE,FALSE,FALSE
Drt_sl_24aug2021,"Diaphragm disorder: acquired,",16.13.00,0,0,,,,,,J98.6,FALSE,FALSE,FALSE
Drt_sl_24aug2021,"Diaphragm paralysis,",16.13.20,0,0,,,,1540,Diaphragm paralysis,J98.6,FALSE,FALSE,FALSE
Drt_sl_24aug2021,"Diaphragm disease,",16.15.09,0,0,,,,1550,"Diaphragm disease, Other",J98.6,FALSE,FALSE,FALSE
Drt_sl_24aug2021,"Oesophageal disease: benign,",16.20.01,0,0,,,,1490,"Esophageal disease, Benign",D13.0,FALSE,FALSE,FALSE
Drt_sl_24aug2021,"Oesophageal disease: malignant,",16.20.02,0,0,,,,,,C15.9,FALSE,FALSE,FALSE
Drt_sl_24aug2021,"Oesophageal disorder,",16.20.10,0,0,,,,1570,"Thoracic and/or mediastinal, Other",K22.9,FALSE,FALSE,FALSE
Drt_sl_24aug2021,"Respiratory failure,",16.30.01,0,0,,,,1570,"Thoracic and/or mediastinal, Other",J96.9,FALSE,FALSE,FALSE
Drt_sl_24aug2021,"Sternal tumour: benign,",16.40.33,0,0,,,,,,D167,FALSE,FALSE,FALSE
Drt_sl_24aug2021,"Sternal tumour: malignant,",16.40.34,0,0,,,,,,C413,FALSE,FALSE,FALSE
Drt_sl_24aug2021,"Sternal tumour: metastatic,",16.40.35,0,0,,,,,,C795,FALSE,FALSE,FALSE
Drt_sl_24aug2021,"Rib tumour: benign,",16.40.51,0,0,,,,2160,"Rib tumor, Benign",D167,FALSE,FALSE,FALSE
Drt_sl_24aug2021,"Rib tumour: malignant,",16.40.52,0,0,,,,2170,"Rib tumor, Malignant",C413,FALSE,FALSE,FALSE
Drt_sl_24aug2021,"Rib tumour: metastatic,",16.40.53,0,0,,,,2180,"Rib tumor, Metastatic",C795,FALSE,FALSE,FALSE